timestamp(ms),Air Temp,
"1741815895.395","22.46",
"1741815896.39","22.46",
"1741815897.396","22.45",
"1741815898.393","22.47",
"1741815899.393","22.46",
"1741815900.394","22.45",
"1741815901.395","22.48",
"1741815902.396","22.47",
"1741815903.397","22.48",
"1741815904.398","22.46",
"1741815905.399","22.49",
"1741815906.4","22.46",
"1741815907.401","22.48",
"1741815908.403","22.48",
"1741815909.403","22.46",
"1741815910.404","22.47",
"1741815911.406","22.5",
"1741815912.406","22.48",
"1741815913.407","22.46",
"1741815914.408","22.47",
"1741815915.408","22.48",
"1741815916.41","22.47",
"1741815917.411","22.49",
"1741815918.412","22.48",
"1741815919.413","22.47",
"1741815920.414","22.48",
"1741815921.415","22.48",
"1741815922.416","22.48",
"1741815923.417","22.48",
"1741815924.418","22.49",
"1741815925.419","22.48",
"1741815926.422","22.49",
"1741815927.421","22.48",
"1741815928.428","22.49",
"1741815929.423","22.51",
"1741815930.424","22.49",
"1741815931.425","22.49",
"1741815932.436","22.51",
"1741815933.437","22.49",
"1741815934.438","22.48",
"1741815935.439","22.48",
"1741815936.44","22.51",
"1741815937.441","22.5",
"1741815938.442","22.48",
"1741815939.446","22.5",
"1741815940.444","22.51",
"1741815941.45","22.5",
"1741815942.446","22.49",
"1741815943.447","22.5",
"1741815944.449","22.51",
"1741815945.449","22.49",
"1741815946.45","22.53",
"1741815947.451","22.48",
"1741815948.452","22.5",
"1741815949.453","22.51",
"1741815950.454","22.5",
"1741815951.455","22.5",
"1741815952.456","22.5",
"1741815953.457","22.51",
"1741815954.458","22.51",
"1741815955.459","22.52",
"1741815956.46","22.51",
"1741815957.461","22.5",
"1741815958.462","22.51",
"1741815959.464","22.52",
"1741815960.465","22.52",
"1741815961.465","22.53",
"1741815962.466","22.51",
"1741815963.473","22.52",
"1741815964.468","22.52",
"1741815965.469","22.52",
"1741815966.47","22.54",
"1741815967.471","22.53",
"1741815968.472","22.52",
"1741815969.475","22.51",
"1741815970.474","22.52",
"1741815971.476","22.53",
"1741815972.476","22.53",
"1741815973.477","22.53",
"1741815974.478","22.52",
"1741815975.48","22.52",
"1741815976.485","22.54",
"1741815977.485","22.53",
"1741815978.482","22.53",
"1741815979.483","22.53",
"1741815980.484","22.54",
"1741815981.485","22.54",
"1741815982.486","22.54",
"1741815983.487","22.52",
"1741815984.488","22.54",
"1741815985.489","22.55",
"1741815986.49","22.54",
"1741815987.493","22.55",
"1741815988.492","22.55",
"1741815989.493","22.53",
"1741815990.501","22.54",
"1741815991.495","22.53",
"1741815992.507","22.56",
"1741815993.508","22.54",
"1741815994.513","22.56",
"1741815995.51","22.55",
"1741815996.511","22.56",
"1741815997.512","22.55",
"1741815998.513","22.56",
"1741815999.516","22.58",
"1741816000.515","22.57",
"1741816001.516","22.56",
"1741816002.517","22.55",
"1741816003.518","22.56",
"1741816004.519","22.56",
"1741816005.52","22.57",
"1741816006.521","22.57",
"1741816007.522","22.55",
"1741816008.523","22.56",
"1741816009.525","22.58",
"1741816010.525","22.57",
"1741816011.531","22.55",
"1741816012.527","22.56",
"1741816013.528","22.59",
"1741816014.529","22.58",
"1741816015.53","22.57",
"1741816016.531","22.58",
"1741816017.532","22.57",
"1741816018.533","22.58",
"1741816019.534","22.58",
"1741816020.535","22.59",
"1741816021.536","22.58",
"1741816022.537","22.58",
"1741816023.547","22.58",
"1741816024.545","22.58",
"1741816025.54","22.61",
"1741816026.541","22.58",
"1741816027.542","22.55",
"1741816028.543","22.59",
"1741816029.544","22.6",
"1741816030.546","22.59",
"1741816031.546","22.6",
"1741816032.547","22.61",
"1741816033.548","22.57",
"1741816034.549","22.58",
"1741816035.55","22.6",
"1741816036.551","22.61",
"1741816037.552","22.6",
"1741816038.553","22.6",
"1741816039.554","22.58",
"1741816040.555","22.61",
"1741816041.556","22.59",
"1741816042.557","22.62",
"1741816043.558","22.6",
"1741816044.559","22.6",
"1741816045.56","22.62",
"1741816046.561","22.59",
"1741816047.562","22.61",
"1741816048.563","22.62",
"1741816049.564","22.62",
"1741816050.565","22.62",
"1741816051.566","22.61",
"1741816052.577","22.61",
"1741816053.58","22.62",
"1741816054.579","22.61",
"1741816055.58","22.63",
"1741816056.581","22.63",
"1741816057.584","22.63",
"1741816058.583","22.61",
"1741816059.59","22.63",
"1741816060.585","22.62",
"1741816061.586","22.64",
"1741816062.587","22.64",
"1741816063.588","22.61",
"1741816064.589","22.63",
"1741816065.59","22.63",
"1741816066.592","22.65",
"1741816067.592","22.64",
"1741816068.593","22.64",
"1741816069.595","22.62",
"1741816070.595","22.65",
"1741816071.597","22.64",
"1741816072.598","22.62",
"1741816073.599","22.63",
"1741816074.599","22.62",
"1741816075.601","22.64",
"1741816076.601","22.66",
"1741816077.606","22.63",
"1741816078.603","22.63",
"1741816079.605","22.64",
"1741816080.605","22.66",
"1741816081.606","22.65",
"1741816082.608","22.65",
"1741816083.61","22.64",
"1741816084.609","22.66",
"1741816085.611","22.67",
"1741816086.612","22.67",
"1741816087.613","22.67",
"1741816088.613","22.64",
"1741816089.615","22.68",
"1741816090.616","22.67",
"1741816091.617","22.66",
"1741816092.617","22.67",
"1741816093.619","22.66",
"1741816094.62","22.69",
"1741816095.621","22.67",
"1741816096.622","22.67",
"1741816097.622","22.67",
"1741816098.624","22.67",
"1741816099.625","22.65",
"1741816100.626","22.67",
"1741816101.627","22.69",
"1741816102.628","22.67",
"1741816103.629","22.69",
"1741816104.63","22.67",
"1741816105.631","22.69",
"1741816106.633","22.67",
"1741816107.638","22.69",
"1741816108.637","22.7",
"1741816109.635","22.71",
"1741816110.636","22.7",
"1741816111.637","22.67",
"1741816112.648","22.69",
"1741816113.649","22.68",
"1741816114.65","22.7",
"1741816115.651","22.71",
"1741816116.652","22.7",
"1741816117.653","22.7",
"1741816118.654","22.71",
"1741816119.655","22.67",
"1741816120.656","22.69",
"1741816121.657","22.72",
"1741816122.658","22.71",
"1741816123.66","22.69",
"1741816124.66","22.71",
"1741816125.666","22.71",
"1741816126.665","22.72",
"1741816127.664","22.71",
"1741816128.664","22.72",
"1741816129.665","22.69",
"1741816130.666","22.71",
"1741816131.668","22.72",
"1741816132.668","22.7",
"1741816133.669","22.72",
"1741816134.67","22.72",
"1741816135.671","22.72",
"1741816136.672","22.72",
"1741816137.673","22.72",
"1741816138.674","22.74",
"1741816139.678","22.73",
"1741816140.676","22.73",
"1741816141.677","22.71",
"1741816142.678","22.72",
"1741816143.679","22.72",
"1741816144.68","22.73",
"1741816145.681","22.73",
"1741816146.682","22.73",
"1741816147.683","22.72",
"1741816148.684","22.72",
"1741816149.688","22.73",
"1741816150.686","22.75",
"1741816151.687","22.74",
"1741816152.688","22.74",
"1741816153.689","22.74",
"1741816154.69","22.72",
"1741816155.691","22.74",
"1741816156.692","22.75",
"1741816157.693","22.74",
"1741816158.694","22.74",
"1741816159.695","22.75",
"1741816160.696","22.75",
"1741816161.706","22.73",
"1741816162.698","22.73",
"1741816163.699","22.76",
"1741816164.7","22.77",
"1741816165.701","22.76",
"1741816166.702","22.76",
"1741816167.703","22.75",
"1741816168.704","22.78",
"1741816169.705","22.74",
"1741816170.706","22.75",
"1741816171.707","22.75",
"1741816172.72","22.77",
"1741816173.725","22.76",
"1741816174.721","22.76",
"1741816175.722","22.76",
"1741816176.723","22.78",
"1741816177.724","22.76",
"1741816178.725","22.77",
"1741816179.726","22.77",
"1741816180.727","22.77",
"1741816181.728","22.78",
"1741816182.729","22.78",
"1741816183.73","22.77",
"1741816184.731","22.78",
"1741816185.733","22.79",
"1741816186.733","22.77",
"1741816187.734","22.77",
"1741816188.737","22.78",
"1741816189.737","22.77",
"1741816190.737","22.81",
"1741816191.74","22.78",
"1741816192.744","22.79",
"1741816193.74","22.78",
"1741816194.741","22.78",
"1741816195.742","22.78",
"1741816196.743","22.79",
"1741816197.744","22.79",
"1741816198.745","22.81",
"1741816199.746","22.78",
"1741816200.747","22.79",
"1741816201.748","22.8",
"1741816202.749","22.8",
"1741816203.759","22.79",
"1741816204.753","22.8",
"1741816205.753","22.8",
"1741816206.753","22.81",
"1741816207.754","22.79",
"1741816208.755","22.79",
"1741816209.763","22.79",
"1741816210.757","22.8",
"1741816211.758","22.8",
"1741816212.759","22.83",
"1741816213.76","22.8",
"1741816214.761","22.82",
"1741816215.762","22.81",
"1741816216.763","22.8",
"1741816217.765","22.8",
"1741816218.765","22.83",
"1741816219.766","22.83",
"1741816220.768","22.82",
"1741816221.768","22.81",
"1741816222.775","22.83",
"1741816223.77","22.82",
"1741816224.772","22.83",
"1741816225.773","22.82",
"1741816226.773","22.81",
"1741816227.775","22.84",
"1741816228.775","22.83",
"1741816229.777","22.83",
"1741816230.778","22.82",
"1741816231.779","22.81",
"1741816232.789","22.83",
"1741816233.79","22.83",
"1741816234.791","22.83",
"1741816235.792","22.85",
"1741816236.793","22.85",
"1741816237.796","22.82",
"1741816238.797","22.84",
"1741816239.796","22.81",
"1741816240.797","22.85",
"1741816241.798","22.85",
"1741816242.799","22.85",
"1741816243.8","22.83",
"1741816244.801","22.83",
"1741816245.802","22.86",
"1741816246.803","22.86",
"1741816247.804","22.83",
"1741816248.805","22.86",
"1741816249.806","22.85",
"1741816250.807","22.86",
"1741816251.808","22.87",
"1741816252.809","22.85",
"1741816253.811","22.83",
"1741816254.812","22.86",
"1741816255.812","22.87",
"1741816256.813","22.84",
"1741816257.815","22.84",
"1741816258.815","22.86",
"1741816259.816","22.89",
"1741816260.817","22.88",
"1741816261.818","22.89",
"1741816262.819","22.87",
"1741816263.821","22.89",
"1741816264.822","22.9",
"1741816265.822","22.87",
"1741816266.823","22.87",
"1741816267.825","22.87",
"1741816268.825","22.87",
"1741816269.826","22.89",
"1741816270.827","22.89",
"1741816271.829","22.88",
"1741816272.83","22.89",
"1741816273.83","22.89",
"1741816274.831","22.9",
"1741816275.833","22.89",
"1741816276.833","22.89",
"1741816277.834","22.87",
"1741816278.835","22.9",
"1741816279.837","22.9",
"1741816280.837","22.86",
"1741816281.838","22.9",
"1741816282.839","22.88",
"1741816283.841","22.9",
"1741816284.842","22.91",
"1741816285.843","22.9",
"1741816286.844","22.9",
"1741816287.844","22.89",
"1741816288.846","22.9",
"1741816289.849","22.91",
"1741816290.848","22.91",
"1741816291.849","22.9",
"1741816292.86","22.89",
"1741816293.861","22.9",
"1741816294.862","22.92",
"1741816295.863","22.91",
"1741816296.864","22.92",
"1741816297.865","22.91",
"1741816298.866","22.9",
"1741816299.866","22.93",
"1741816300.868","22.91",
"1741816301.869","22.93",
"1741816302.87","22.92",
"1741816303.871","22.93",
"1741816304.872","22.94",
"1741816305.887","22.93",
"1741816306.877","22.93",
"1741816307.875","22.93",
"1741816308.876","22.93",
"1741816309.877","22.93",
"1741816310.878","22.95",
"1741816311.879","22.92",
"1741816312.88","22.92",
"1741816313.881","22.95",
"1741816314.882","22.93",
"1741816315.883","22.95",
"1741816316.884","22.93",
"1741816317.885","22.94",
"1741816318.886","22.95",
"1741816319.887","22.93",
"1741816320.888","22.93",
"1741816321.889","22.96",
"1741816322.891","22.94",
"1741816323.891","22.94",
"1741816324.892","22.95",
"1741816325.893","22.94",
"1741816326.894","22.94",
"1741816327.897","22.96",
"1741816328.896","22.97",
"1741816329.897","22.93",
"1741816330.898","22.95",
"1741816331.899","22.95",
"1741816332.9","22.94",
"1741816333.901","22.95",
"1741816334.902","22.98",
"1741816335.903","22.94",
"1741816336.904","22.94",
"1741816337.905","22.97",
"1741816338.906","22.96",
"1741816339.907","22.97",
"1741816340.908","22.98",
"1741816341.911","22.96",
"1741816342.91","22.98",
"1741816343.911","22.96",
"1741816344.912","22.96",
"1741816345.913","22.96",
"1741816346.918","22.96",
"1741816347.915","22.95",
"1741816348.916","22.97",
"1741816349.917","22.99",
"1741816350.918","22.98",
"1741816351.921","22.98",
"1741816352.93","22.98",
"1741816353.931","22.98",
"1741816354.932","22.98",
"1741816355.933","22.98",
"1741816356.934","22.97",
"1741816357.935","23.01",
"1741816358.936","22.99",
"1741816359.937","22.98",
"1741816360.938","22.99",
"1741816361.939","22.99",
"1741816362.94","23.01",
"1741816363.941","22.98",
"1741816364.942","22.96",
"1741816365.943","23",
"1741816366.944","22.99",
"1741816367.945","22.99",
"1741816368.946","23.01",
"1741816369.947","22.99",
"1741816370.948","22.99",
"1741816371.949","23",
"1741816372.95","23",
"1741816373.951","23",
"1741816374.952","23",
"1741816375.953","23",
"1741816376.954","23.01",
"1741816377.955","23",
"1741816378.956","23",
"1741816379.957","23.01",
"1741816380.958","23.03",
"1741816381.959","23.05",
"1741816382.96","23.02",
"1741816383.961","23.01",
"1741816384.962","23.01",
"1741816385.963","23.02",
"1741816386.964","23.04",
"1741816387.965","23.03",
"1741816388.966","23.02",
"1741816389.97","23.02",
"1741816390.968","23.02",
"1741816391.969","23.02",
"1741816392.97","23.03",
"1741816393.971","23.03",
"1741816394.972","23.03",
"1741816395.973","23.04",
"1741816396.974","23.01",
"1741816397.975","23.02",
"1741816398.976","23.03",
"1741816399.977","23.04",
"1741816400.979","23.06",
"1741816401.979","23.06",
"1741816402.985","23.04",
"1741816403.981","23.03",
"1741816404.982","23.05",
"1741816405.983","23.04",
"1741816406.984","23.05",
"1741816407.985","23.05",
"1741816408.986","23.03",
"1741816409.987","23.05",
"1741816410.988","23.05",
"1741816411.989","23.06",
"1741816412.998","23.03",
"1741816413.999","23.05",
"1741816415","23.05",
"1741816416.001","23.06",
"1741816417.002","23.03",
"1741816418.004","23.06",
"1741816419.004","23.06",
"1741816420.008","23.06",
"1741816421.006","23.06",
"1741816422.007","23.06",
"1741816423.008","23.06",
"1741816424.008","23.06",
"1741816425.01","23.09",
"1741816426.011","23.05",
"1741816427.012","23.07",
"1741816428.013","23.07",
"1741816429.014","23.08",
"1741816430.015","23.08",
"1741816431.016","23.06",
"1741816432.017","23.07",
"1741816433.018","23.08",
"1741816434.019","23.05",
"1741816435.022","23.1",
"1741816436.021","23.09",
"1741816437.022","23.07",
"1741816438.023","23.1",
"1741816439.024","23.07",
"1741816440.027","23.08",
"1741816441.026","23.08",
"1741816442.027","23.09",
"1741816443.028","23.09",
"1741816444.029","23.1",
"1741816445.03","23.09",
"1741816446.031","23.09",
"1741816447.032","23.11",
"1741816448.032","23.08",
"1741816449.034","23.09",
"1741816450.035","23.09",
"1741816451.041","23.1",
"1741816452.037","23.09",
"1741816453.038","23.11",
"1741816454.039","23.08",
"1741816455.04","23.1",
"1741816456.044","23.09",
"1741816457.042","23.11",
"1741816458.043","23.11",
"1741816459.044","23.1",
"1741816460.045","23.1",
"1741816461.046","23.09",
"1741816462.047","23.11",
"1741816463.048","23.12",
"1741816464.049","23.09",
"1741816465.05","23.12",
"1741816466.051","23.12",
"1741816467.052","23.13",
"1741816468.053","23.11",
"1741816469.054","23.11",
"1741816470.055","23.12",
"1741816471.056","23.1",
"1741816472.057","23.13",
"1741816473.065","23.11",
"1741816474.066","23.12",
"1741816475.067","23.13",
"1741816476.068","23.14",
"1741816477.069","23.11",
"1741816478.07","23.14",
"1741816479.071","23.12",
"1741816480.072","23.11",
"1741816481.073","23.11",
"1741816482.074","23.14",
"1741816483.077","23.13",
"1741816484.077","23.13",
"1741816485.077","23.13",
"1741816486.078","23.14",
"1741816487.079","23.14",
"1741816488.08","23.13",
"1741816489.081","23.15",
"1741816490.082","23.14",
"1741816491.083","23.15",
"1741816492.084","23.14",
"1741816493.085","23.15",
"1741816494.086","23.15",
"1741816495.087","23.15",
"1741816496.088","23.16",
"1741816497.089","23.16",
"1741816498.09","23.15",
"1741816499.091","23.15",
"1741816500.092","23.15",
"1741816501.093","23.17",
"1741816502.094","23.16",
"1741816503.095","23.18",
"1741816504.096","23.15",
"1741816505.097","23.14",
"1741816506.098","23.17",
"1741816507.099","23.18",
"1741816508.1","23.16",
"1741816509.101","23.18",
"1741816510.102","23.16",
"1741816511.103","23.17",
"1741816512.104","23.15",
"1741816513.105","23.16",
"1741816514.106","23.15",
"1741816515.107","23.17",
"1741816516.108","23.17",
"1741816517.109","23.17",
"1741816518.11","23.18",
"1741816519.111","23.19",
"1741816520.112","23.17",
"1741816521.113","23.17",
"1741816522.115","23.2",
"1741816523.115","23.2",
"1741816524.116","23.19",
"1741816525.117","23.17",
"1741816526.118","23.2",
"1741816527.119","23.18",
"1741816528.121","23.18",
"1741816529.121","23.18",
"1741816530.122","23.19",
"1741816531.123","23.19",
"1741816532.125","23.19",
"1741816533.133","23.2",
"1741816534.134","23.19",
"1741816535.135","23.2",
"1741816536.136","23.2",
"1741816537.137","23.18",
"1741816538.138","23.2",
"1741816539.139","23.19",
"1741816540.14","23.2",
"1741816541.141","23.19",
"1741816542.142","23.19",
"1741816543.143","23.21",
"1741816544.144","23.19",
"1741816545.145","23.21",
"1741816546.146","23.2",
"1741816547.147","23.19",
"1741816548.149","23.2",
"1741816549.151","23.2",
"1741816550.15","23.21",
"1741816551.151","23.21",
"1741816552.159","23.21",
"1741816553.155","23.21",
"1741816554.154","23.21",
"1741816555.155","23.22",
"1741816556.156","23.22",
"1741816557.157","23.22",
"1741816558.158","23.2",
"1741816559.159","23.21",
"1741816560.16","23.22",
"1741816561.161","23.21",
"1741816562.162","23.22",
"1741816563.163","23.21",
"1741816564.164","23.24",
"1741816565.172","23.23",
"1741816566.166","23.24",
"1741816567.167","23.24",
"1741816568.168","23.23",
"1741816569.169","23.24",
"1741816570.199","23.23",
"1741816571.171","23.23",
"1741816572.172","23.24",
"1741816573.173","23.25",
"1741816574.174","23.26",
"1741816575.175","23.24",
"1741816576.176","23.25",
"1741816577.177","23.23",
"1741816578.178","23.23",
"1741816579.179","23.24",
"1741816580.18","23.25",
"1741816581.181","23.25",
"1741816582.188","23.25",
"1741816583.183","23.24",
"1741816584.184","23.26",
"1741816585.185","23.27",
"1741816586.186","23.23",
"1741816587.188","23.27",
"1741816588.19","23.27",
"1741816589.19","23.27",
"1741816590.19","23.25",
"1741816591.191","23.26",
"1741816592.192","23.25",
"1741816593.201","23.24",
"1741816594.204","23.27",
"1741816595.203","23.27",
"1741816596.204","23.28",
"1741816597.205","23.26",
"1741816598.206","23.26",
"1741816599.206","23.27",
"1741816600.211","23.29",
"1741816601.21","23.25",
"1741816602.21","23.27",
"1741816603.21","23.27",
"1741816604.211","23.27",
"1741816605.213","23.31",
"1741816606.214","23.28",
"1741816607.215","23.29",
"1741816608.216","23.28",
"1741816609.217","23.29",
"1741816610.218","23.3",
"1741816611.219","23.29",
"1741816612.219","23.27",
"1741816613.221","23.29",
"1741816614.222","23.29",
"1741816615.224","23.27",
"1741816616.224","23.29",
"1741816617.225","23.28",
"1741816618.23","23.3",
"1741816619.227","23.3",
"1741816620.228","23.29",
"1741816621.229","23.29",
"1741816622.23","23.3",
"1741816623.231","23.29",
"1741816624.232","23.3",
"1741816625.233","23.32",
"1741816626.234","23.29",
"1741816627.235","23.3",
"1741816628.236","23.29",
"1741816629.237","23.32",
"1741816630.238","23.31",
"1741816631.243","23.33",
"1741816632.24","23.29",
"1741816633.241","23.32",
"1741816634.242","23.29",
"1741816635.243","23.31",
"1741816636.247","23.31",
"1741816637.246","23.32",
"1741816638.246","23.32",
"1741816639.247","23.33",
"1741816640.248","23.32",
"1741816641.249","23.31",
"1741816642.25","23.3",
"1741816643.251","23.34",
"1741816644.252","23.32",
"1741816645.253","23.33",
"1741816646.254","23.33",
"1741816647.255","23.33",
"1741816648.256","23.32",
"1741816649.26","23.34",
"1741816650.258","23.34",
"1741816651.259","23.32",
"1741816652.26","23.33",
"1741816653.268","23.34",
"1741816654.269","23.32",
"1741816655.27","23.33",
"1741816656.271","23.33",
"1741816657.272","23.35",
"1741816658.273","23.33",
"1741816659.274","23.34",
"1741816660.275","23.33",
"1741816661.276","23.35",
"1741816662.277","23.34",
"1741816663.28","23.35",
"1741816664.28","23.34",
"1741816665.28","23.36",
"1741816666.288","23.36",
"1741816667.283","23.36",
"1741816668.284","23.35",
"1741816669.284","23.36",
"1741816670.285","23.33",
"1741816671.286","23.36",
"1741816672.288","23.34",
"1741816673.288","23.35",
"1741816674.289","23.34",
"1741816675.29","23.35",
"1741816676.291","23.36",
"1741816677.292","23.35",
"1741816678.293","23.37",
"1741816679.296","23.38",
"1741816680.295","23.35",
"1741816681.296","23.33",
"1741816682.297","23.38",
"1741816683.299","23.36",
"1741816684.299","23.37",
"1741816685.3","23.36",
"1741816686.301","23.36",
"1741816687.302","23.37",
"1741816688.303","23.37",
"1741816689.304","23.38",
"1741816690.305","23.37",
"1741816691.307","23.4",
"1741816692.307","23.4",
"1741816693.308","23.38",
"1741816694.309","23.38",
"1741816695.31","23.38",
"1741816696.311","23.39",
"1741816697.313","23.37",
"1741816698.313","23.39",
"1741816699.314","23.37",
"1741816700.315","23.39",
"1741816701.316","23.39",
"1741816702.317","23.4",
"1741816703.319","23.37",
"1741816704.32","23.39",
"1741816705.32","23.4",
"1741816706.322","23.39",
"1741816707.322","23.41",
"1741816708.324","23.39",
"1741816709.325","23.38",
"1741816710.325","23.37",
"1741816711.327","23.4",
"1741816712.328","23.4",
"1741816713.336","23.4",
"1741816714.34","23.4",
"1741816715.338","23.39",
"1741816716.339","23.41",
"1741816717.34","23.4",
"1741816718.341","23.4",
"1741816719.342","23.4",
"1741816720.343","23.41",
"1741816721.344","23.42",
"1741816722.345","23.43",
"1741816723.346","23.43",
"1741816724.347","23.41",
"1741816725.348","23.42",
"1741816726.349","23.42",
"1741816727.35","23.42",
"1741816728.352","23.41",
"1741816729.353","23.42",
"1741816730.353","23.43",
"1741816731.354","23.43",
"1741816732.355","23.44",
"1741816733.356","23.41",
"1741816734.357","23.41",
"1741816735.358","23.43",
"1741816736.359","23.42",
"1741816737.36","23.44",
"1741816738.361","23.42",
"1741816739.362","23.42",
"1741816740.363","23.45",
"1741816741.364","23.44",
"1741816742.365","23.45",
"1741816743.366","23.43",
"1741816744.377","23.42",
"1741816745.368","23.45",
"1741816746.369","23.44",
"1741816747.37","23.43",
"1741816748.371","23.44",
"1741816749.372","23.43",
"1741816750.373","23.44",
"1741816751.374","23.44",
"1741816752.375","23.45",
"1741816753.376","23.44",
"1741816754.377","23.47",
"1741816755.378","23.45",
"1741816756.379","23.44",
"1741816757.38","23.45",
"1741816758.381","23.44",
"1741816759.382","23.46",
"1741816760.383","23.45",
"1741816761.384","23.45",
"1741816762.39","23.45",
"1741816763.39","23.44",
"1741816764.387","23.45",
"1741816765.388","23.45",
"1741816766.39","23.46",
"1741816767.39","23.46",
"1741816768.392","23.48",
"1741816769.392","23.47",
"1741816770.393","23.46",
"1741816771.395","23.45",
"1741816772.395","23.45",
"1741816773.403","23.48",
"1741816774.404","23.47",
"1741816775.405","23.48",
"1741816776.406","23.48",
"1741816777.407","23.47",
"1741816778.408","23.46",
"1741816779.409","23.46",
"1741816780.411","23.47",
"1741816781.411","23.49",
"1741816782.412","23.46",
"1741816783.413","23.5",
"1741816784.414","23.48",
"1741816785.415","23.48",
"1741816786.416","23.47",
"1741816787.417","23.48",
"1741816788.418","23.49",
"1741816789.419","23.52",
"1741816790.42","23.48",
"1741816791.421","23.48",
"1741816792.422","23.48",
"1741816793.423","23.49",
"1741816794.425","23.48",
"1741816795.425","23.5",
"1741816796.426","23.49",
"1741816797.427","23.49",
"1741816798.428","23.51",
"1741816799.429","23.5",
"1741816800.43","23.5",
"1741816801.431","23.49",
"1741816802.432","23.5",
"1741816803.433","23.52",
"1741816804.434","23.5",
"1741816805.435","23.49",
"1741816806.436","23.5",
"1741816807.437","23.5",
"1741816808.438","23.52",
"1741816809.439","23.5",
"1741816810.44","23.52",
"1741816811.441","23.5",
"1741816812.442","23.5",
"1741816813.443","23.51",
"1741816814.444","23.5",
"1741816815.445","23.51",
"1741816816.446","23.51",
"1741816817.447","23.52",
"1741816818.448","23.5",
"1741816819.449","23.52",
"1741816820.45","23.52",
"1741816821.451","23.52",
"1741816822.452","23.53",
"1741816823.453","23.53",
"1741816824.454","23.53",
"1741816825.455","23.51",
"1741816826.456","23.54",
"1741816827.457","23.54",
"1741816828.459","23.53",
"1741816829.463","23.53",
"1741816830.461","23.52",
"1741816831.461","23.53",
"1741816832.463","23.52",
"1741816833.471","23.52",
"1741816834.475","23.53",
"1741816835.473","23.52",
"1741816836.474","23.53",
"1741816837.475","23.54",
"1741816838.476","23.54",
"1741816839.477","23.53",
"1741816840.478","23.52",
"1741816841.479","23.53",
"1741816842.48","23.53",
"1741816843.482","23.54",
"1741816844.483","23.54",
"1741816845.483","23.53",
"1741816846.485","23.54",
"1741816847.485","23.56",
"1741816848.486","23.54",
"1741816849.487","23.53",
"1741816850.488","23.55",
"1741816851.489","23.56",
"1741816852.49","23.56",
"1741816853.491","23.54",
"1741816854.492","23.53",
"1741816855.493","23.54",
"1741816856.494","23.57",
"1741816857.495","23.56",
"1741816858.496","23.55",
"1741816859.498","23.54",
"1741816860.498","23.56",
"1741816861.499","23.54",
"1741816862.5","23.56",
"1741816863.502","23.56",
"1741816864.503","23.56",
"1741816865.503","23.57",
"1741816866.504","23.56",
"1741816867.505","23.55",
"1741816868.507","23.56",
"1741816869.507","23.56",
"1741816870.508","23.58",
"1741816871.51","23.57",
"1741816872.51","23.54",
"1741816873.511","23.57",
"1741816874.512","23.58",
"1741816875.513","23.57",
"1741816876.514","23.6",
"1741816877.516","23.57",
"1741816878.516","23.57",
"1741816879.517","23.59",
"1741816880.518","23.6",
"1741816881.519","23.57",
"1741816882.521","23.57",
"1741816883.521","23.59",
"1741816884.522","23.6",
"1741816885.523","23.61",
"1741816886.524","23.59",
"1741816887.525","23.58",
"1741816888.526","23.59",
"1741816889.528","23.6",
"1741816890.528","23.57",
"1741816891.529","23.59",
"1741816892.53","23.59",
"1741816893.539","23.58",
"1741816894.541","23.6",
"1741816895.541","23.58",
"1741816896.542","23.6",
"1741816897.543","23.59",
"1741816898.544","23.58",
"1741816899.545","23.58",
"1741816900.546","23.61",
"1741816901.547","23.59",
"1741816902.548","23.6",
"1741816903.549","23.6",
"1741816904.55","23.62",
"1741816905.551","23.6",
"1741816906.552","23.61",
"1741816907.553","23.6",
"1741816908.554","23.61",
"1741816909.555","23.6",
"1741816910.556","23.61",
"1741816911.557","23.62",
"1741816912.558","23.61",
"1741816913.559","23.62",
"1741816914.56","23.6",
"1741816915.561","23.61",
"1741816916.562","23.63",
"1741816917.563","23.61",
"1741816918.565","23.61",
"1741816919.565","23.61",
"1741816920.566","23.61",
"1741816921.567","23.62",
"1741816922.568","23.63",
"1741816923.569","23.62",
"1741816924.57","23.63",
"1741816925.571","23.63",
"1741816926.572","23.63",
"1741816927.573","23.61",
"1741816928.574","23.64",
"1741816929.575","23.64",
"1741816930.577","23.63",
"1741816931.577","23.61",
"1741816932.578","23.64",
"1741816933.579","23.63",
"1741816934.58","23.63",
"1741816935.581","23.64",
"1741816936.582","23.63",
"1741816937.583","23.64",
"1741816938.584","23.64",
"1741816939.585","23.63",
"1741816940.586","23.64",
"1741816941.588","23.63",
"1741816942.588","23.64",
"1741816943.59","23.66",
"1741816944.59","23.64",
"1741816945.591","23.66",
"1741816946.592","23.65",
"1741816947.593","23.66",
"1741816948.594","23.64",
"1741816949.595","23.65",
"1741816950.596","23.64",
"1741816951.597","23.64",
"1741816952.598","23.65",
"1741816953.607","23.66",
"1741816954.608","23.65",
"1741816955.609","23.64",
"1741816956.61","23.66",
"1741816957.614","23.65",
"1741816958.612","23.66",
"1741816959.613","23.66",
"1741816960.615","23.65",
"1741816961.615","23.67",
"1741816962.616","23.67",
"1741816963.617","23.67",
"1741816964.618","23.66",
"1741816965.619","23.68",
"1741816966.629","23.68",
"1741816967.621","23.69",
"1741816968.622","23.68",
"1741816969.623","23.65",
"1741816970.624","23.67",
"1741816971.625","23.68",
"1741816972.626","23.69",
"1741816973.627","23.65",
"1741816974.628","23.68",
"1741816975.63","23.69",
"1741816976.63","23.7",
"1741816977.631","23.67",
"1741816978.632","23.65",
"1741816979.634","23.69",
"1741816980.634","23.67",
"1741816981.635","23.69",
"1741816982.636","23.7",
"1741816983.637","23.7",
"1741816984.638","23.69",
"1741816985.639","23.7",
"1741816986.64","23.69",
"1741816987.641","23.68",
"1741816988.642","23.68",
"1741816989.643","23.7",
"1741816990.644","23.66",
"1741816991.647","23.69",
"1741816992.646","23.66",
"1741816993.647","23.68",
"1741816994.648","23.68",
"1741816995.649","23.69",
"1741816996.65","23.7",
"1741816997.651","23.69",
"1741816998.652","23.7",
"1741816999.653","23.7",
"1741817000.654","23.68",
"1741817001.655","23.7",
"1741817002.656","23.71",
"1741817003.657","23.7",
"1741817004.658","23.71",
"1741817005.659","23.71",
"1741817006.661","23.72",
"1741817007.661","23.71",
"1741817008.662","23.7",
"1741817009.663","23.72",
"1741817010.664","23.72",
"1741817011.665","23.72",
"1741817012.666","23.72",
"1741817013.675","23.71",
"1741817014.676","23.74",
"1741817015.677","23.71",
"1741817016.678","23.73",
"1741817017.679","23.71",
"1741817018.68","23.73",
"1741817019.681","23.73",
"1741817020.682","23.74",
"1741817021.683","23.73",
"1741817022.684","23.73",
"1741817023.685","23.73",
"1741817024.686","23.74",
"1741817025.687","23.72",
"1741817026.688","23.73",
"1741817027.689","23.73",
"1741817028.69","23.73",
"1741817029.691","23.73",
"1741817030.692","23.74",
"1741817031.693","23.73",
"1741817032.694","23.72",
"1741817033.695","23.72",
"1741817034.696","23.72",
"1741817035.697","23.75",
"1741817036.698","23.73",
"1741817037.699","23.75",
"1741817038.7","23.74",
"1741817039.702","23.73",
"1741817040.703","23.75",
"1741817041.703","23.74",
"1741817042.704","23.74",
"1741817043.705","23.75",
"1741817044.706","23.73",
"1741817045.707","23.76",
"1741817046.708","23.75",
"1741817047.709","23.74",
"1741817048.71","23.76",
"1741817049.711","23.76",
"1741817050.712","23.78",
"1741817051.713","23.77",
"1741817052.714","23.77",
"1741817053.715","23.75",
"1741817054.716","23.74",
"1741817055.717","23.76",
"1741817056.725","23.77",
"1741817057.719","23.78",
"1741817058.72","23.76",
"1741817059.721","23.77",
"1741817060.722","23.77",
"1741817061.723","23.76",
"1741817062.725","23.77",
"1741817063.725","23.77",
"1741817064.726","23.77",
"1741817065.727","23.78",
"1741817066.728","23.77",
"1741817067.729","23.77",
"1741817068.73","23.78",
"1741817069.731","23.77",
"1741817070.732","23.78",
"1741817071.733","23.79",
"1741817072.735","23.78",
"1741817073.741","23.79",
"1741817074.747","23.79",
"1741817075.744","23.78",
"1741817076.745","23.78",
"1741817077.745","23.76",
"1741817078.747","23.79",
"1741817079.748","23.78",
"1741817080.749","23.77",
"1741817081.75","23.8",
"1741817082.751","23.79",
"1741817083.752","23.8",
"1741817084.753","23.78",
"1741817085.754","23.8",
"1741817086.755","23.77",
"1741817087.756","23.79",
"1741817088.758","23.79",
"1741817089.758","23.79",
"1741817090.759","23.79",
"1741817091.76","23.81",
"1741817092.761","23.79",
"1741817093.762","23.79",
"1741817094.763","23.81",
"1741817095.764","23.78",
"1741817096.765","23.81",
"1741817097.766","23.78",
"1741817098.767","23.79",
"1741817099.768","23.79",
"1741817100.769","23.8",
"1741817101.77","23.8",
"1741817102.771","23.8",
"1741817103.772","23.8",
"1741817104.773","23.8",
"1741817105.774","23.82",
"1741817106.775","23.8",
"1741817107.776","23.8",
"1741817108.777","23.8",
"1741817109.778","23.82",
"1741817110.779","23.8",
"1741817111.78","23.81",
"1741817112.781","23.83",
"1741817113.782","23.81",
"1741817114.783","23.83",
"1741817115.784","23.81",
"1741817116.785","23.82",
"1741817117.786","23.82",
"1741817118.787","23.81",
"1741817119.788","23.82",
"1741817120.789","23.84",
"1741817121.79","23.83",
"1741817122.791","23.82",
"1741817123.792","23.83",
"1741817124.793","23.84",
"1741817125.794","23.84",
"1741817126.795","23.84",
"1741817127.796","23.85",
"1741817128.797","23.83",
"1741817129.798","23.83",
"1741817130.799","23.84",
"1741817131.8","23.85",
"1741817132.801","23.84",
"1741817133.809","23.85",
"1741817134.81","23.81",
"1741817135.812","23.83",
"1741817136.812","23.87",
"1741817137.814","23.86",
"1741817138.814","23.85",
"1741817139.816","23.83",
"1741817140.817","23.86",
"1741817141.817","23.85",
"1741817142.818","23.85",
"1741817143.819","23.85",
"1741817144.82","23.84",
"1741817145.822","23.87",
"1741817146.822","23.87",
"1741817147.823","23.86",
"1741817148.824","23.87",
"1741817149.826","23.87",
"1741817150.826","23.85",
"1741817151.827","23.84",
"1741817152.828","23.85",
"1741817153.829","23.86",
"1741817154.831","23.86",
"1741817155.832","23.85",
"1741817156.832","23.85",
"1741817157.833","23.87",
"1741817158.835","23.85",
"1741817159.835","23.86",
"1741817160.836","23.86",
"1741817161.837","23.88",
"1741817162.838","23.86",
"1741817163.839","23.87",
"1741817164.84","23.88",
"1741817165.841","23.88",
"1741817166.842","23.89",
"1741817167.844","23.87",
"1741817168.845","23.86",
"1741817169.857","23.88",
"1741817170.846","23.87",
"1741817171.848","23.87",
"1741817172.848","23.87",
"1741817173.85","23.89",
"1741817174.85","23.88",
"1741817175.852","23.89",
"1741817176.853","23.89",
"1741817177.853","23.89",
"1741817178.855","23.88",
"1741817179.856","23.88",
"1741817180.857","23.88",
"1741817181.857","23.88",
"1741817182.859","23.89",
"1741817183.86","23.89",
"1741817184.861","23.89",
"1741817185.862","23.88",
"1741817186.863","23.9",
"1741817187.865","23.9",
"1741817188.869","23.88",
"1741817189.866","23.89",
"1741817190.867","23.89",
"1741817191.868","23.9",
"1741817192.869","23.89",
"1741817193.877","23.89",
"1741817194.878","23.91",
"1741817195.879","23.88",
"1741817196.88","23.9",
"1741817197.881","23.89",
"1741817198.882","23.9",
"1741817199.883","23.9",
"1741817200.885","23.9",
"1741817201.885","23.89",
"1741817202.886","23.91",
"1741817203.888","23.91",
"1741817204.889","23.93",
"1741817205.889","23.92",
"1741817206.891","23.91",
"1741817207.891","23.9",
"1741817208.893","23.92",
"1741817209.893","23.91",
"1741817210.894","23.93",
"1741817211.895","23.91",
"1741817212.897","23.91",
"1741817213.897","23.93",
"1741817214.898","23.9",
"1741817215.899","23.93",
"1741817216.9","23.91",
"1741817217.902","23.91",
"1741817218.903","23.93",
"1741817219.903","23.93",
"1741817220.905","23.93",
"1741817221.917","23.92",
"1741817222.906","23.92",
"1741817223.908","23.92",
"1741817224.912","23.93",
"1741817225.91","23.93",
"1741817226.91","23.93",
"1741817227.912","23.95",
"1741817228.913","23.94",
"1741817229.914","23.93",
"1741817230.915","23.94",
"1741817231.916","23.92",
"1741817232.916","23.94",
"1741817233.918","23.95",
"1741817234.92","23.93",
"1741817235.928","23.94",
"1741817236.921","23.96",
"1741817237.921","23.94",
"1741817238.923","23.95",
"1741817239.924","23.94",
"1741817240.924","23.95",
"1741817241.926","23.93",
"1741817242.927","23.95",
"1741817243.928","23.95",
"1741817244.929","23.94",
"1741817245.93","23.98",
"1741817246.931","23.96",
"1741817247.932","23.96",
"1741817248.936","23.96",
"1741817249.934","23.96",
"1741817250.935","23.95",
"1741817251.937","23.95",
"1741817252.938","23.96",
"1741817253.946","23.95",
"1741817254.946","23.96",
"1741817255.948","23.96",
"1741817256.948","23.96",
"1741817257.949","23.95",
"1741817258.95","23.97",
"1741817259.951","23.96",
"1741817260.952","23.97",
"1741817261.953","23.95",
"1741817262.954","23.97",
"1741817263.955","23.96",
"1741817264.956","23.97",
"1741817265.957","23.98",
"1741817266.958","23.97",
"1741817267.959","24",
"1741817268.96","23.98",
"1741817269.961","23.99",
"1741817270.962","23.96",
"1741817271.963","23.98",
"1741817272.964","23.99",
"1741817273.965","23.99",
"1741817274.966","23.98",
"1741817275.967","23.98",
"1741817276.968","23.98",
"1741817277.969","23.96",
"1741817278.97","23.99",
"1741817279.971","23.99",
"1741817280.972","23.97",
"1741817281.973","23.98",
"1741817282.974","24",
"1741817283.975","23.99",
"1741817284.976","23.99",
"1741817285.977","23.99",
"1741817286.978","24.01",
"1741817287.979","23.99",
"1741817288.98","24",
"1741817289.981","23.99",
"1741817290.983","24",
"1741817291.983","24.01",
"1741817292.984","24.01",
"1741817293.985","24",
"1741817294.986","24.01",
"1741817295.987","24.01",
"1741817296.988","23.99",
"1741817297.989","24.02",
"1741817298.99","24",
"1741817299.991","23.99",
"1741817300.993","24.01",
"1741817302.001","24.01",
"1741817302.994","24.01",
"1741817303.998","23.99",
"1741817304.996","24",
"1741817305.997","24.02",
"1741817306.998","24",
"1741817307.999","24.01",
"1741817309","24.02",
"1741817310.001","24.02",
"1741817311.002","24.01",
"1741817312.003","24.04",
"1741817313.004","24.02",
"1741817314.012","24.01",
"1741817315.014","24.04",
"1741817316.015","24.01",
"1741817317.016","24.03",
"1741817318.017","24.02",
"1741817319.018","24.03",
"1741817320.019","24.01",
"1741817321.023","24.01",
"1741817322.021","24.02",
"1741817323.022","24.03",
"1741817324.023","24.03",
"1741817325.024","24.02",
"1741817326.025","24.03",
"1741817327.026","24.04",
"1741817328.027","24.05",
"1741817329.028","24.04",
"1741817330.029","24.03",
"1741817331.03","24.04",
"1741817332.031","24.04",
"1741817333.032","24.05",
"1741817334.033","24.04",
"1741817335.034","24.03",
"1741817336.035","24.03",
"1741817337.036","24.04",
"1741817338.037","24.04",
"1741817339.041","24.04",
"1741817340.041","24.04",
"1741817341.04","24.05",
"1741817342.041","24.03",
"1741817343.042","24.05",
"1741817344.043","24.05",
"1741817345.044","24.04",
"1741817346.045","24.07",
"1741817347.046","24.06",
"1741817348.047","24.04",
"1741817349.048","24.07",
"1741817350.049","24.06",
"1741817351.05","24.05",
"1741817352.051","24.06",
"1741817353.052","24.05",
"1741817354.053","24.04",
"1741817355.054","24.06",
"1741817356.055","24.08",
"1741817357.056","24.06",
"1741817358.057","24.05",
"1741817359.058","24.04",
"1741817360.059","24.07",
"1741817361.06","24.07",
"1741817362.061","24.07",
"1741817363.062","24.08",
"1741817364.063","24.06",
"1741817365.064","24.05",
"1741817366.065","24.08",
"1741817367.066","24.06",
"1741817368.067","24.06",
"1741817369.068","24.08",
"1741817370.069","24.07",
"1741817371.07","24.07",
"1741817372.071","24.08",
"1741817373.072","24.08",
"1741817374.08","24.07",
"1741817375.081","24.07",
"1741817376.082","24.08",
"1741817377.083","24.08",
"1741817378.084","24.09",
"1741817379.085","24.08",
"1741817380.086","24.08",
"1741817381.087","24.08",
"1741817382.088","24.08",
"1741817383.091","24.07",
"1741817384.091","24.1",
"1741817385.091","24.09",
"1741817386.092","24.09",
"1741817387.098","24.09",
"1741817388.095","24.08",
"1741817389.095","24.12",
"1741817390.096","24.11",
"1741817391.097","24.1",
"1741817392.098","24.11",
"1741817393.099","24.1",
"1741817394.1","24.11",
"1741817395.101","24.09",
"1741817396.102","24.1",
"1741817397.103","24.11",
"1741817398.104","24.1",
"1741817399.112","24.09",
"1741817400.107","24.11",
"1741817401.108","24.09",
"1741817402.108","24.09",
"1741817403.109","24.13",
"1741817404.11","24.11",
"1741817405.114","24.1",
"1741817406.113","24.11",
"1741817407.113","24.12",
"1741817408.114","24.12",
"1741817409.115","24.13",
"1741817410.116","24.12",
"1741817411.117","24.12",
"1741817412.118","24.11",
"1741817413.119","24.13",
"1741817414.12","24.11",
"1741817415.121","24.12",
"1741817416.123","24.12",
"1741817417.124","24.11",
"1741817418.124","24.13",
"1741817419.125","24.13",
"1741817420.127","24.11",
"1741817421.127","24.1",
"1741817422.128","24.12",
"1741817423.13","24.12",
"1741817424.133","24.13",
"1741817425.131","24.13",
"1741817426.132","24.13",
"1741817427.133","24.14",
"1741817428.135","24.13",
"1741817429.135","24.12",
"1741817430.136","24.14",
"1741817431.137","24.13",
"1741817432.138","24.13",
"1741817433.139","24.15",
"1741817434.165","24.13",
"1741817435.153","24.13",
"1741817436.148","24.12",
"1741817437.149","24.13",
"1741817438.15","24.15",
"1741817439.151","24.12",
"1741817440.152","24.14",
"1741817441.153","24.16",
"1741817442.154","24.14",
"1741817443.155","24.15",
"1741817444.156","24.16",
"1741817445.157","24.16",
"1741817446.158","24.15",
"1741817447.159","24.14",
"1741817448.16","24.15",
"1741817449.161","24.14",
"1741817450.162","24.16",
"1741817451.163","24.16",
"1741817452.167","24.14",
"1741817453.165","24.16",
"1741817454.166","24.15",
"1741817455.167","24.16",
"1741817456.168","24.16",
"1741817457.169","24.13",
"1741817458.17","24.16",
"1741817459.171","24.16",
"1741817460.172","24.18",
"1741817461.173","24.17",
"1741817462.174","24.16",
"1741817463.175","24.18",
"1741817464.177","24.17",
"1741817465.177","24.14",
"1741817466.183","24.16",
"1741817467.179","24.17",
"1741817468.18","24.18",
"1741817469.181","24.18",
"1741817470.182","24.17",
"1741817471.183","24.17",
"1741817472.184","24.17",
"1741817473.185","24.16",
"1741817474.186","24.18",
"1741817475.187","24.16",
"1741817476.188","24.18",
"1741817477.189","24.18",
"1741817478.19","24.17",
"1741817479.191","24.16",
"1741817480.192","24.18",
"1741817481.193","24.18",
"1741817482.2","24.19",
"1741817483.196","24.2",
"1741817484.197","24.17",
"1741817485.197","24.2",
"1741817486.198","24.21",
"1741817487.199","24.2",
"1741817488.201","24.19",
"1741817489.201","24.2",
"1741817490.202","24.17",
"1741817491.203","24.2",
"1741817492.204","24.18",
"1741817493.205","24.19",
"1741817494.211","24.19",
"1741817495.212","24.2",
"1741817496.213","24.17",
"1741817497.215","24.2",
"1741817498.215","24.21",
"1741817499.216","24.17",
"1741817500.217","24.19",
"1741817501.222","24.2",
"1741817502.219","24.21",
"1741817503.22","24.22",
"1741817504.221","24.22",
"1741817505.222","24.22",
"1741817506.223","24.21",
"1741817507.224","24.21",
"1741817508.226","24.2",
"1741817509.226","24.21",
"1741817510.227","24.21",
"1741817511.228","24.21",
"1741817512.229","24.22",
"1741817513.23","24.21",
"1741817514.231","24.21",
"1741817515.232","24.2",
"1741817516.233","24.23",
"1741817517.234","24.22",
"1741817518.235","24.23",
"1741817519.238","24.2",
"1741817520.237","24.21",
"1741817521.238","24.22",
"1741817522.239","24.21",
"1741817523.24","24.22",
"1741817524.241","24.2",
"1741817525.242","24.23",
"1741817526.243","24.22",
"1741817527.244","24.22",
"1741817528.245","24.26",
"1741817529.246","24.24",
"1741817530.254","24.23",
"1741817531.248","24.23",
"1741817532.249","24.21",
"1741817533.25","24.23",
"1741817534.251","24.22",
"1741817535.252","24.24",
"1741817536.254","24.22",
"1741817537.254","24.23",
"1741817538.255","24.23",
"1741817539.256","24.22",
"1741817540.257","24.23",
"1741817541.258","24.25",
"1741817542.259","24.21",
"1741817543.26","24.22",
"1741817544.261","24.23",
"1741817545.262","24.26",
"1741817546.263","24.24",
"1741817547.264","24.23",
"1741817548.265","24.24",
"1741817549.267","24.26",
"1741817550.268","24.24",
"1741817551.268","24.23",
"1741817552.269","24.24",
"1741817553.27","24.24",
"1741817554.277","24.26",
"1741817555.277","24.24",
"1741817556.279","24.28",
"1741817557.279","24.27",
"1741817558.281","24.26",
"1741817559.281","24.26",
"1741817560.286","24.24",
"1741817561.283","24.25",
"1741817562.284","24.27",
"1741817563.286","24.27",
"1741817564.287","24.26",
"1741817565.287","24.26",
"1741817566.294","24.26",
"1741817567.29","24.27",
"1741817568.291","24.28",
"1741817569.292","24.28",
"1741817570.293","24.25",
"1741817571.294","24.28",
"1741817572.306","24.26",
"1741817573.296","24.24",
"1741817574.297","24.27",
"1741817575.298","24.27",
"1741817576.299","24.25",
"1741817577.3","24.25",
"1741817578.301","24.27",
"1741817579.302","24.28",
"1741817580.303","24.29",
"1741817581.304","24.3",
"1741817582.305","24.27",
"1741817583.306","24.27",
"1741817584.312","24.27",
"1741817585.308","24.27",
"1741817586.309","24.28",
"1741817587.31","24.26",
"1741817588.311","24.28",
"1741817589.312","24.28",
"1741817590.313","24.3",
"1741817591.314","24.28",
"1741817592.316","24.28",
"1741817593.316","24.28",
"1741817594.317","24.28",
"1741817595.32","24.3",
"1741817596.333","24.28",
"1741817597.32","24.28",
"1741817598.321","24.3",
"1741817599.322","24.28",
"1741817600.323","24.28",
"1741817601.324","24.28",
"1741817602.325","24.29",
"1741817603.326","24.3",
"1741817604.327","24.3",
"1741817605.328","24.32",
"1741817606.329","24.3",
"1741817607.33","24.28",
"1741817608.331","24.31",
"1741817609.332","24.3",
"1741817610.353","24.29",
"1741817611.334","24.31",
"1741817612.336","24.33",
"1741817613.337","24.3",
"1741817614.342","24.3",
"1741817615.344","24.3",
"1741817616.344","24.32",
"1741817617.345","24.31",
"1741817618.346","24.32",
"1741817619.347","24.3",
"1741817620.349","24.31",
"1741817621.349","24.31",
"1741817622.35","24.31",
"1741817623.351","24.3",
"1741817624.352","24.31",
"1741817625.353","24.31",
"1741817626.363","24.31",
"1741817627.358","24.33",
"1741817628.358","24.32",
"1741817629.357","24.3",
"1741817630.358","24.33",
"1741817631.359","24.32",
"1741817632.36","24.31",
"1741817633.361","24.32",
"1741817634.362","24.32",
"1741817635.363","24.32",
"1741817636.365","24.32",
"1741817637.366","24.32",
"1741817638.366","24.33",
"1741817639.367","24.33",
"1741817640.368","24.31",
"1741817641.369","24.32",
"1741817642.37","24.33",
"1741817643.371","24.34",
"1741817644.384","24.34",
"1741817645.374","24.31",
"1741817646.379","24.32",
"1741817647.375","24.32",
"1741817648.377","24.32",
"1741817649.377","24.33",
"1741817650.378","24.36",
"1741817651.383","24.36",
"1741817652.38","24.35",
"1741817653.381","24.35",
"1741817654.382","24.35",
"1741817655.383","24.32",
"1741817656.387","24.33",
"1741817657.386","24.35",
"1741817658.386","24.33",
"1741817659.388","24.34",
"1741817660.388","24.35",
"1741817661.39","24.34",
"1741817662.4","24.36",
"1741817663.395","24.35",
"1741817664.393","24.36",
"1741817665.394","24.33",
"1741817666.394","24.34",
"1741817667.396","24.36",
"1741817668.401","24.35",
"1741817669.398","24.33",
"1741817670.399","24.34",
"1741817671.4","24.34",
"1741817672.401","24.34",
"1741817673.402","24.35",
"1741817674.408","24.37",
"1741817675.409","24.36",
"1741817676.411","24.36",
"1741817677.412","24.38",
"1741817678.422","24.37",
"1741817679.414","24.36",
"1741817680.414","24.36",
"1741817681.42","24.36",
"1741817682.417","24.36",
"1741817683.418","24.37",
"1741817684.419","24.35",
"1741817685.42","24.37",
"1741817686.421","24.39",
"1741817687.422","24.38",
"1741817688.423","24.36",
"1741817689.424","24.38",
"1741817690.425","24.37",
"1741817691.426","24.35",
"1741817692.427","24.37",
"1741817693.428","24.39",
"1741817694.441","24.37",
"1741817695.43","24.37",
"1741817696.431","24.37",
"1741817697.431","24.37",
"1741817698.433","24.36",
"1741817699.434","24.37",
"1741817700.435","24.36",
"1741817701.436","24.37",
"1741817702.437","24.37",
"1741817703.438","24.39",
"1741817704.445","24.39",
"1741817705.44","24.39",
"1741817706.441","24.39",
"1741817707.442","24.38",
"1741817708.443","24.37",
"1741817709.444","24.37",
"1741817710.452","24.39",
"1741817711.452","24.39",
"1741817712.447","24.41",
"1741817713.448","24.37",
"1741817714.449","24.39",
"1741817715.45","24.4",
"1741817716.457","24.38",
"1741817717.452","24.38",
"1741817718.453","24.4",
"1741817719.454","24.41",
"1741817720.455","24.39",
"1741817721.456","24.38",
"1741817722.459","24.39",
"1741817723.458","24.39",
"1741817724.459","24.41",
"1741817725.461","24.39",
"1741817726.462","24.4",
"1741817727.463","24.39",
"1741817728.467","24.4",
"1741817729.467","24.4",
"1741817730.465","24.4",
"1741817731.466","24.41",
"1741817732.467","24.4",
"1741817733.468","24.39",
"1741817734.474","24.41",
"1741817735.476","24.41",
"1741817736.476","24.4",
"1741817737.477","24.41",
"1741817738.478","24.4",
"1741817739.479","24.39",
"1741817740.48","24.4",
"1741817741.481","24.4",
"1741817742.482","24.42",
"1741817743.483","24.4",
"1741817744.484","24.42",
"1741817745.485","24.41",
"1741817746.486","24.43",
"1741817747.487","24.43",
"1741817748.488","24.41",
"1741817749.489","24.4",
"1741817750.49","24.41",
"1741817751.491","24.43",
"1741817752.492","24.43",
"1741817753.493","24.42",
"1741817754.494","24.4",
"1741817755.495","24.43",
"1741817756.496","24.41",
"1741817757.497","24.43",
"1741817758.502","24.44",
"1741817759.499","24.44",
"1741817760.504","24.42",
"1741817761.501","24.42",
"1741817762.502","24.44",
"1741817763.503","24.43",
"1741817764.506","24.43",
"1741817765.506","24.44",
"1741817766.506","24.42",
"1741817767.507","24.44",
"1741817768.508","24.43",
"1741817769.509","24.44",
"1741817770.51","24.42",
"1741817771.511","24.45",
"1741817772.512","24.44",
"1741817773.513","24.43",
"1741817774.514","24.43",
"1741817775.515","24.45",
"1741817776.516","24.43",
"1741817777.517","24.45",
"1741817778.518","24.44",
"1741817779.519","24.43",
"1741817780.52","24.43",
"1741817781.521","24.45",
"1741817782.522","24.44",
"1741817783.523","24.48",
"1741817784.524","24.46",
"1741817785.528","24.46",
"1741817786.526","24.45",
"1741817787.527","24.43",
"1741817788.528","24.45",
"1741817789.529","24.42",
"1741817790.53","24.47",
"1741817791.533","24.44",
"1741817792.536","24.46",
"1741817793.533","24.42",
"1741817794.548","24.46",
"1741817795.542","24.46",
"1741817796.542","24.45",
"1741817797.543","24.45",
"1741817798.544","24.45",
"1741817799.545","24.46",
"1741817800.546","24.47",
"1741817801.547","24.44",
"1741817802.548","24.46",
"1741817803.549","24.47",
"1741817804.55","24.48",
"1741817805.551","24.48",
"1741817806.559","24.46",
"1741817807.553","24.48",
"1741817808.555","24.47",
"1741817809.555","24.48",
"1741817810.556","24.48",
"1741817811.557","24.47",
"1741817812.558","24.48",
"1741817813.559","24.48",
"1741817814.56","24.48",
"1741817815.561","24.49",
"1741817816.562","24.48",
"1741817817.563","24.48",
"1741817818.564","24.49",
"1741817819.565","24.49",
"1741817820.566","24.48",
"1741817821.567","24.47",
"1741817822.568","24.47",
"1741817823.569","24.47",
"1741817824.577","24.49",
"1741817825.577","24.47",
"1741817826.572","24.48",
"1741817827.573","24.47",
"1741817828.574","24.49",
"1741817829.575","24.49",
"1741817830.576","24.5",
"1741817831.577","24.49",
"1741817832.578","24.49",
"1741817833.579","24.49",
"1741817834.58","24.49",
"1741817835.581","24.49",
"1741817836.583","24.48",
"1741817837.583","24.48",
"1741817838.584","24.5",
"1741817839.585","24.49",
"1741817840.587","24.5",
"1741817841.587","24.52",
"1741817842.588","24.49",
"1741817843.589","24.48",
"1741817844.59","24.5",
"1741817845.591","24.48",
"1741817846.592","24.5",
"1741817847.593","24.5",
"1741817848.594","24.52",
"1741817849.596","24.51",
"1741817850.596","24.52",
"1741817851.597","24.5",
"1741817852.598","24.5",
"1741817853.599","24.52",
"1741817854.605","24.52",
"1741817855.606","24.51",
"1741817856.607","24.5",
"1741817857.61","24.52",
"1741817858.615","24.52",
"1741817859.61","24.49",
"1741817860.611","24.52",
"1741817861.612","24.5",
"1741817862.613","24.52",
"1741817863.614","24.54",
"1741817864.615","24.52",
"1741817865.616","24.51",
"1741817866.617","24.52",
"1741817867.618","24.52",
"1741817868.619","24.51",
"1741817869.62","24.54",
"1741817870.621","24.53",
"1741817871.623","24.53",
"1741817872.623","24.53",
"1741817873.626","24.55",
"1741817874.625","24.54",
"1741817875.626","24.53",
"1741817876.627","24.54",
"1741817877.628","24.52",
"1741817878.629","24.54",
"1741817879.63","24.54",
"1741817880.632","24.52",
"1741817881.633","24.52",
"1741817882.634","24.55",
"1741817883.634","24.53",
"1741817884.636","24.55",
"1741817885.636","24.54",
"1741817886.637","24.54",
"1741817887.639","24.55",
"1741817888.639","24.54",
"1741817889.64","24.54",
"1741817890.641","24.54",
"1741817891.646","24.54",
"1741817892.643","24.55",
"1741817893.645","24.54",
"1741817894.646","24.54",
"1741817895.647","24.52",
"1741817896.647","24.55",
"1741817897.648","24.55",
"1741817898.65","24.57",
"1741817899.651","24.55",
"1741817900.651","24.56",
"1741817901.653","24.55",
"1741817902.653","24.54",
"1741817903.655","24.54",
"1741817904.656","24.56",
"1741817905.657","24.56",
"1741817906.659","24.54",
"1741817907.659","24.58",
"1741817908.66","24.55",
"1741817909.661","24.58",
"1741817910.661","24.55",
"1741817911.663","24.55",
"1741817912.663","24.56",
"1741817913.665","24.54",
"1741817914.692","24.56",
"1741817915.672","24.56",
"1741817916.673","24.55",
"1741817917.674","24.57",
"1741817918.675","24.57",
"1741817919.676","24.57",
"1741817920.676","24.55",
"1741817921.678","24.56",
"1741817922.684","24.57",
"1741817923.68","24.58",
"1741817924.681","24.55",
"1741817925.682","24.58",
"1741817926.683","24.57",
"1741817927.684","24.56",
"1741817928.685","24.58",
"1741817929.686","24.57",
"1741817930.687","24.56",
"1741817931.688","24.58",
"1741817932.689","24.59",
"1741817933.69","24.57",
"1741817934.691","24.57",
"1741817935.692","24.56",
"1741817936.693","24.58",
"1741817937.694","24.59",
"1741817938.695","24.58",
"1741817939.696","24.58",
"1741817940.697","24.59",
"1741817941.698","24.58",
"1741817942.708","24.58",
"1741817943.7","24.59",
"1741817944.701","24.59",
"1741817945.702","24.6",
"1741817946.703","24.58",
"1741817947.704","24.59",
"1741817948.705","24.6",
"1741817949.706","24.6",
"1741817950.707","24.59",
"1741817951.708","24.58",
"1741817952.709","24.6",
"1741817953.71","24.6",
"1741817954.711","24.57",
"1741817955.712","24.59",
"1741817956.722","24.6",
"1741817957.714","24.58",
"1741817958.715","24.59",
"1741817959.716","24.62",
"1741817960.717","24.6",
"1741817961.718","24.61",
"1741817962.719","24.6",
"1741817963.72","24.59",
"1741817964.721","24.59",
"1741817965.722","24.59",
"1741817966.723","24.59",
"1741817967.724","24.61",
"1741817968.725","24.59",
"1741817969.726","24.6",
"1741817970.727","24.61",
"1741817971.729","24.6",
"1741817972.73","24.6",
"1741817973.73","24.6",
"1741817974.737","24.62",
"1741817975.74","24.61",
"1741817976.739","24.62",
"1741817977.74","24.59",
"1741817978.741","24.6",
"1741817979.741","24.61",
"1741817980.745","24.59",
"1741817981.744","24.62",
"1741817982.746","24.6",
"1741817983.746","24.61",
"1741817984.747","24.61",
"1741817985.748","24.59",
"1741817986.75","24.62",
"1741817987.75","24.61",
"1741817988.752","24.61",
"1741817989.751","24.6",
"1741817990.753","24.61",
"1741817991.754","24.62",
"1741817992.762","24.63",
"1741817993.756","24.62",
"1741817994.763","24.62",
"1741817995.758","24.6",
"1741817996.759","24.6",
"1741817997.76","24.63",
"1741817998.763","24.64",
"1741817999.762","24.62",
"1741818000.762","24.64",
"1741818001.764","24.6",
"1741818002.765","24.64",
"1741818003.766","24.62",
"1741818004.767","24.62",
"1741818005.767","24.62",
"1741818006.768","24.64",
"1741818007.77","24.62",
"1741818008.771","24.64",
"1741818009.772","24.65",
"1741818010.773","24.64",
"1741818011.774","24.6",
"1741818012.775","24.63",
"1741818013.776","24.64",
"1741818014.777","24.62",
"1741818015.778","24.63",
"1741818016.78","24.63",
"1741818017.78","24.64",
"1741818018.781","24.63",
"1741818019.782","24.64",
"1741818020.784","24.65",
"1741818021.784","24.62",
"1741818022.786","24.64",
"1741818023.786","24.66",
"1741818024.787","24.64",
"1741818025.788","24.65",
"1741818026.789","24.66",
"1741818027.79","24.64",
"1741818028.791","24.62",
"1741818029.792","24.62",
"1741818030.793","24.64",
"1741818031.794","24.66",
"1741818032.795","24.65",
"1741818033.796","24.64",
"1741818034.803","24.65",
"1741818035.803","24.67",
"1741818036.804","24.65",
"1741818037.805","24.64",
"1741818038.807","24.66",
"1741818039.807","24.65",
"1741818040.808","24.65",
"1741818041.809","24.67",
"1741818042.81","24.66",
"1741818043.811","24.67",
"1741818044.812","24.65",
"1741818045.813","24.67",
"1741818046.816","24.68",
"1741818047.815","24.67",
"1741818048.816","24.67",
"1741818049.83","24.64",
"1741818050.818","24.67",
"1741818051.819","24.66",
"1741818052.82","24.65",
"1741818053.826","24.65",
"1741818054.822","24.67",
"1741818055.823","24.65",
"1741818056.824","24.67",
"1741818057.825","24.69",
"1741818058.842","24.65",
"1741818059.829","24.67",
"1741818060.831","24.68",
"1741818061.829","24.69",
"1741818062.83","24.67",
"1741818063.831","24.68",
"1741818064.843","24.66",
"1741818065.833","24.67",
"1741818066.834","24.69",
"1741818067.835","24.67",
"1741818068.836","24.67",
"1741818069.839","24.7",
"1741818070.838","24.69",
"1741818071.843","24.65",
"1741818072.84","24.67",
"1741818073.841","24.7",
"1741818074.842","24.69",
"1741818075.843","24.68",
"1741818076.844","24.66",
"1741818077.845","24.68",
"1741818078.846","24.68",
"1741818079.847","24.7",
"1741818080.854","24.69",
"1741818081.849","24.68",
"1741818082.862","24.66",
"1741818083.851","24.69",
"1741818084.852","24.69",
"1741818085.853","24.68",
"1741818086.854","24.69",
"1741818087.855","24.7",
"1741818088.856","24.71",
"1741818089.859","24.72",
"1741818090.858","24.7",
"1741818091.859","24.7",
"1741818092.861","24.71",
"1741818093.861","24.72",
"1741818094.868","24.68",
"1741818095.869","24.7",
"1741818096.873","24.7",
"1741818097.871","24.72",
"1741818098.872","24.7",
"1741818099.873","24.68",
"1741818100.874","24.7",
"1741818101.875","24.69",
"1741818102.876","24.7",
"1741818103.877","24.7",
"1741818104.878","24.71",
"1741818105.879","24.72",
"1741818106.883","24.69",
"1741818107.881","24.71",
"1741818108.882","24.71",
"1741818109.883","24.71",
"1741818110.884","24.7",
"1741818111.885","24.72",
"1741818112.888","24.71",
"1741818113.887","24.73",
"1741818114.888","24.71",
"1741818115.889","24.73",
"1741818116.89","24.72",
"1741818117.891","24.72",
"1741818118.892","24.72",
"1741818119.898","24.73",
"1741818120.894","24.72",
"1741818121.895","24.72",
"1741818122.897","24.73",
"1741818123.897","24.72",
"1741818124.903","24.72",
"1741818125.899","24.72",
"1741818126.9","24.71",
"1741818127.901","24.74",
"1741818128.902","24.75",
"1741818129.903","24.73",
"1741818130.904","24.72",
"1741818131.905","24.73",
"1741818132.907","24.75",
"1741818133.907","24.73",
"1741818134.908","24.75",
"1741818135.91","24.72",
"1741818136.915","24.73",
"1741818137.914","24.74",
"1741818138.912","24.73",
"1741818139.913","24.74",
"1741818140.914","24.73",
"1741818141.915","24.75",
"1741818142.924","24.73",
"1741818143.917","24.74",
"1741818144.918","24.74",
"1741818145.919","24.75",
"1741818146.92","24.75",
"1741818147.921","24.76",
"1741818148.922","24.74",
"1741818149.923","24.75",
"1741818150.924","24.75",
"1741818151.926","24.75",
"1741818152.926","24.74",
"1741818153.927","24.75",
"1741818154.938","24.76",
"1741818155.944","24.75",
"1741818156.935","24.74",
"1741818157.936","24.75",
"1741818158.937","24.76",
"1741818159.937","24.75",
"1741818160.944","24.76",
"1741818161.94","24.74",
"1741818162.941","24.75",
"1741818163.942","24.74",
"1741818164.943","24.77",
"1741818165.944","24.79",
"1741818166.945","24.75",
"1741818167.946","24.77",
"1741818168.947","24.76",
"1741818169.948","24.76",
"1741818170.949","24.76",
"1741818171.95","24.75",
"1741818172.957","24.76",
"1741818173.952","24.75",
"1741818174.953","24.75",
"1741818175.954","24.78",
"1741818176.955","24.75",
"1741818177.956","24.75",
"1741818178.957","24.78",
"1741818179.958","24.73",
"1741818180.959","24.77",
"1741818181.96","24.76",
"1741818182.961","24.76",
"1741818183.962","24.75",
"1741818184.969","24.75",
"1741818185.964","24.77",
"1741818186.965","24.76",
"1741818187.966","24.77",
"1741818188.967","24.77",
"1741818189.968","24.77",
"1741818190.972","24.77",
"1741818191.97","24.77",
"1741818192.971","24.79",
"1741818193.974","24.77",
"1741818194.973","24.78",
"1741818195.974","24.77",
"1741818196.975","24.78",
"1741818197.976","24.78",
"1741818198.977","24.77",
"1741818199.978","24.79",
"1741818200.979","24.77",
"1741818201.992","24.81",
"1741818202.981","24.77",
"1741818203.982","24.79",
"1741818204.985","24.78",
"1741818205.984","24.77",
"1741818206.985","24.77",
"1741818207.986","24.8",
"1741818208.987","24.77",
"1741818209.988","24.81",
"1741818210.989","24.79",
"1741818211.99","24.78",
"1741818212.991","24.77",
"1741818213.992","24.78",
"1741818214.998","24.8",
"1741818215.999","24.8",
"1741818217.002","24.79",
"1741818218.003","24.81",
"1741818219.002","24.81",
"1741818220.004","24.8",
"1741818221.004","24.8",
"1741818222.005","24.76",
"1741818223.006","24.78",
"1741818224.007","24.79",
"1741818225.009","24.77",
"1741818226.01","24.79",
"1741818227.014","24.8",
"1741818228.012","24.79",
"1741818229.013","24.79",
"1741818230.014","24.8",
"1741818231.02","24.79",
"1741818232.016","24.81",
"1741818233.02","24.8",
"1741818234.019","24.8",
"1741818235.019","24.8",
"1741818236.019","24.79",
"1741818237.021","24.8",
"1741818238.021","24.79",
"1741818239.023","24.8",
"1741818240.031","24.8",
"1741818241.025","24.82",
"1741818242.026","24.83",
"1741818243.027","24.82",
"1741818244.028","24.81",
"1741818245.029","24.83",
"1741818246.03","24.83",
"1741818247.031","24.81",
"1741818248.032","24.82",
"1741818249.033","24.82",
"1741818250.035","24.8",
"1741818251.04","24.82",
"1741818252.04","24.8",
"1741818253.037","24.81",
"1741818254.038","24.83",
"1741818255.039","24.81",
"1741818256.04","24.8",
"1741818257.041","24.83",
"1741818258.042","24.83",
"1741818259.043","24.82",
"1741818260.044","24.82",
"1741818261.045","24.83",
"1741818262.046","24.82",
"1741818263.047","24.81",
"1741818264.048","24.84",
"1741818265.049","24.84",
"1741818266.05","24.83",
"1741818267.051","24.83",
"1741818268.052","24.82",
"1741818269.053","24.84",
"1741818270.055","24.83",
"1741818271.055","24.83",
"1741818272.056","24.85",
"1741818273.057","24.83",
"1741818274.058","24.82",
"1741818275.064","24.85",
"1741818276.065","24.85",
"1741818277.066","24.87",
"1741818278.067","24.84",
"1741818279.068","24.85",
"1741818280.069","24.85",
"1741818281.07","24.86",
"1741818282.073","24.85",
"1741818283.074","24.84",
"1741818284.074","24.84",
"1741818285.074","24.85",
"1741818286.075","24.86",
"1741818287.082","24.85",
"1741818288.077","24.86",
"1741818289.078","24.83",
"1741818290.079","24.83",
"1741818291.08","24.85",
"1741818292.082","24.83",
"1741818293.082","24.86",
"1741818294.083","24.85",
"1741818295.084","24.86",
"1741818296.085","24.85",
"1741818297.087","24.86",
"1741818298.087","24.85",
"1741818299.088","24.82",
"1741818300.089","24.85",
"1741818301.091","24.86",
"1741818302.091","24.85",
"1741818303.094","24.86",
"1741818304.093","24.87",
"1741818305.099","24.86",
"1741818306.095","24.86",
"1741818307.096","24.83",
"1741818308.097","24.86",
"1741818309.098","24.84",
"1741818310.099","24.86",
"1741818311.1","24.85",
"1741818312.101","24.85",
"1741818313.102","24.86",
"1741818314.104","24.86",
"1741818315.105","24.86",
"1741818316.106","24.87",
"1741818317.106","24.89",
"1741818318.108","24.87",
"1741818319.108","24.86",
"1741818320.109","24.85",
"1741818321.111","24.88",
"1741818322.112","24.86",
"1741818323.112","24.87",
"1741818324.114","24.84",
"1741818325.115","24.86",
"1741818326.116","24.86",
"1741818327.117","24.87",
"1741818328.118","24.89",
"1741818329.119","24.87",
"1741818330.12","24.86",
"1741818331.123","24.86",
"1741818332.121","24.87",
"1741818333.123","24.87",
"1741818334.124","24.87",
"1741818335.13","24.87",
"1741818336.131","24.86",
"1741818337.131","24.86",
"1741818338.132","24.89",
"1741818339.133","24.87",
"1741818340.135","24.86",
"1741818341.143","24.89",
"1741818342.137","24.87",
"1741818343.138","24.9",
"1741818344.144","24.88",
"1741818345.139","24.87",
"1741818346.141","24.88",
"1741818347.141","24.87",
"1741818348.143","24.9",
"1741818349.144","24.9",
"1741818350.145","24.88",
"1741818351.146","24.9",
"1741818352.147","24.89",
"1741818353.152","24.91",
"1741818354.158","24.91",
"1741818355.15","24.9",
"1741818356.151","24.88",
"1741818357.152","24.9",
"1741818358.153","24.9",
"1741818359.153","24.9",
"1741818360.155","24.89",
"1741818361.155","24.89",
"1741818362.157","24.87",
"1741818363.158","24.9",
"1741818364.159","24.89",
"1741818365.164","24.88",
"1741818366.161","24.89",
"1741818367.162","24.9",
"1741818368.163","24.91",
"1741818369.163","24.91",
"1741818370.165","24.9",
"1741818371.173","24.89",
"1741818372.167","24.9",
"1741818373.168","24.9",
"1741818374.169","24.9",
"1741818375.17","24.91",
"1741818376.171","24.9",
"1741818377.172","24.89",
"1741818378.173","24.92",
"1741818379.174","24.9",
"1741818380.181","24.91",
"1741818381.177","24.93",
"1741818382.177","24.93",
"1741818383.185","24.91",
"1741818384.183","24.9",
"1741818385.18","24.89",
"1741818386.181","24.91",
"1741818387.182","24.9",
"1741818388.183","24.9",
"1741818389.184","24.9",
"1741818390.185","24.89",
"1741818391.186","24.91",
"1741818392.187","24.91",
"1741818393.188","24.94",
"1741818394.189","24.91",
"1741818395.195","24.92",
"1741818396.196","24.93",
"1741818397.197","24.91",
"1741818398.198","24.92",
"1741818399.201","24.93",
"1741818400.2","24.93",
"1741818401.207","24.93",
"1741818402.202","24.92",
"1741818403.203","24.93",
"1741818404.204","24.93",
"1741818405.205","24.93",
"1741818406.206","24.93",
"1741818407.207","24.94",
"1741818408.208","24.94",
"1741818409.209","24.93",
"1741818410.21","24.94",
"1741818411.211","24.92",
"1741818412.212","24.91",
"1741818413.219","24.93",
"1741818414.215","24.93",
"1741818415.215","24.93",
"1741818416.216","24.94",
"1741818417.217","24.93",
"1741818418.219","24.94",
"1741818419.224","24.94",
"1741818420.22","24.91",
"1741818421.221","24.93",
"1741818422.222","24.94",
"1741818423.223","24.93",
"1741818424.224","24.95",
"1741818425.225","24.92",
"1741818426.226","24.94",
"1741818427.228","24.95",
"1741818428.228","24.94",
"1741818429.23","24.94",
"1741818430.232","24.94",
"1741818431.24","24.94",
"1741818432.232","24.96",
"1741818433.233","24.95",
"1741818434.235","24.95",
"1741818435.235","24.94",
"1741818436.237","24.96",
"1741818437.237","24.96",
"1741818438.238","24.95",
"1741818439.239","24.95",
"1741818440.241","24.96",
"1741818441.241","24.95",
"1741818442.243","24.94",
"1741818443.244","24.96",
"1741818444.245","24.94",
"1741818445.245","24.94",
"1741818446.248","24.95",
"1741818447.248","24.96",
"1741818448.249","24.95",
"1741818449.249","24.94",
"1741818450.25","24.96",
"1741818451.252","24.95",
"1741818452.253","24.96",
"1741818453.254","24.95",
"1741818454.255","24.95",
"1741818455.259","24.95",
"1741818456.26","24.96",
"1741818457.261","24.95",
"1741818458.262","24.94",
"1741818459.263","24.96",
"1741818460.264","24.95",
"1741818461.265","24.97",
"1741818462.266","24.96",
"1741818463.267","24.95",
"1741818464.268","24.98",
"1741818465.269","24.97",
"1741818466.27","24.98",
"1741818467.273","24.97",
"1741818468.272","24.97",
"1741818469.273","24.99",
"1741818470.274","24.94",
"1741818471.275","24.96",
"1741818472.276","24.96",
"1741818473.277","24.98",
"1741818474.278","24.95",
"1741818475.279","24.96",
"1741818476.28","24.98",
"1741818477.282","24.97",
"1741818478.282","24.96",
"1741818479.284","24.98",
"1741818480.284","24.96",
"1741818481.285","24.96",
"1741818482.286","24.97",
"1741818483.287","24.96",
"1741818484.288","24.98",
"1741818485.291","24.98",
"1741818486.29","24.98",
"1741818487.291","24.98",
"1741818488.292","24.98",
"1741818489.293","24.99",
"1741818490.294","24.99",
"1741818491.295","24.99",
"1741818492.296","24.98",
"1741818493.297","24.98",
"1741818494.298","24.98",
"1741818495.3","24.98",
"1741818496.301","24.98",
"1741818497.305","24.99",
"1741818498.305","25",
"1741818499.303","24.99",
"1741818500.304","24.98",
"1741818501.305","24.98",
"1741818502.306","24.97",
"1741818503.307","24.98",
"1741818504.309","25",
"1741818505.309","25.01",
"1741818506.31","24.99",
"1741818507.311","24.99",
"1741818508.312","25",
"1741818509.313","25",
"1741818510.318","25",
"1741818511.316","25.01",
"1741818512.318","24.98",
"1741818513.317","25.01",
"1741818514.319","24.99",
"1741818515.327","25.01",
"1741818516.328","24.99",
"1741818517.325","25.01",
"1741818518.326","25",
"1741818519.327","25.01",
"1741818520.328","25.01",
"1741818521.329","25",
"1741818522.33","25",
"1741818523.331","25.02",
"1741818524.332","25",
"1741818525.333","25.01",
"1741818526.334","24.99",
"1741818527.335","25.02",
"1741818528.341","24.99",
"1741818529.337","25.01",
"1741818530.338","24.99",
"1741818531.339","25",
"1741818532.34","25",
"1741818533.343","25",
"1741818534.344","25.02",
"1741818535.343","25",
"1741818536.344","25.01",
"1741818537.345","25.01",
"1741818538.346","25.01",
"1741818539.347","25",
"1741818540.348","25.02",
"1741818541.349","25.02",
"1741818542.351","25.02",
"1741818543.351","25.01",
"1741818544.352","25",
"1741818545.358","25.03",
"1741818546.355","25.02",
"1741818547.355","25.03",
"1741818548.356","25.02",
"1741818549.357","25.04",
"1741818550.358","25.02",
"1741818551.363","25.02",
"1741818552.36","25.03",
"1741818553.361","25.02",
"1741818554.363","25.02",
"1741818555.363","25.02",
"1741818556.364","25.02",
"1741818557.365","25.02",
"1741818558.367","25.05",
"1741818559.367","25.02",
"1741818560.368","25.02",
"1741818561.371","25.02",
"1741818562.371","25.02",
"1741818563.372","25.02",
"1741818564.372","25.02",
"1741818565.373","25.04",
"1741818566.375","25.04",
"1741818567.375","25.02",
"1741818568.376","25.02",
"1741818569.377","25.03",
"1741818570.378","25.03",
"1741818571.38","25.02",
"1741818572.38","25.03",
"1741818573.382","25",
"1741818574.382","25.02",
"1741818575.388","25.05",
"1741818576.389","25.01",
"1741818577.391","25.04",
"1741818578.392","25.05",
"1741818579.392","25.02",
"1741818580.393","25.05",
"1741818581.397","25.02",
"1741818582.395","25.01",
"1741818583.396","25.04",
"1741818584.397","25.05",
"1741818585.398","25.03",
"1741818586.399","25.02",
"1741818587.4","25.04",
"1741818588.401","25.05",
"1741818589.402","25.07",
"1741818590.404","25.05",
"1741818591.404","25.05",
"1741818592.405","25.06",
"1741818593.407","25.06",
"1741818594.407","25.06",
"1741818595.408","25.05",
"1741818596.409","25.06",
"1741818597.41","25.06",
"1741818598.412","25.03",
"1741818599.412","25.06",
"1741818600.417","25.06",
"1741818601.414","25.05",
"1741818602.415","25.06",
"1741818603.416","25.05",
"1741818604.417","25.07",
"1741818605.418","25.06",
"1741818606.42","25.05",
"1741818607.42","25.07",
"1741818608.421","25.06",
"1741818609.422","25.06",
"1741818610.424","25.06",
"1741818611.424","25.08",
"1741818612.425","25.04",
"1741818613.426","25.06",
"1741818614.427","25.05",
"1741818615.428","25.07",
"1741818616.429","25.05",
"1741818617.432","25.07",
"1741818618.432","25.05",
"1741818619.433","25.07",
"1741818620.433","25.06",
"1741818621.434","25.05",
"1741818622.436","25.05",
"1741818623.436","25.06",
"1741818624.438","25.08",
"1741818625.438","25.08",
"1741818626.441","25.05",
"1741818627.44","25.04",
"1741818628.441","25.07",
"1741818629.442","25.06",
"1741818630.444","25.06",
"1741818631.444","25.08",
"1741818632.446","25.07",
"1741818633.447","25.08",
"1741818634.448","25.07",
"1741818635.452","25.07",
"1741818636.452","25.07",
"1741818637.453","25.06",
"1741818638.454","25.07",
"1741818639.456","25.09",
"1741818640.457","25.08",
"1741818641.457","25.08",
"1741818642.459","25.07",
"1741818643.459","25.07",
"1741818644.461","25.09",
"1741818645.462","25.08",
"1741818646.463","25.07",
"1741818647.464","25.09",
"1741818648.465","25.07",
"1741818649.465","25.07",
"1741818650.467","25.07",
"1741818651.468","25.1",
"1741818652.468","25.06",
"1741818653.469","25.08",
"1741818654.47","25.1",
"1741818655.472","25.09",
"1741818656.473","25.1",
"1741818657.473","25.11",
"1741818658.476","25.1",
"1741818659.475","25.1",
"1741818660.477","25.09",
"1741818661.478","25.09",
"1741818662.479","25.09",
"1741818663.48","25.09",
"1741818664.481","25.11",
"1741818665.483","25.08",
"1741818666.483","25.07",
"1741818667.484","25.11",
"1741818668.485","25.09",
"1741818669.486","25.1",
"1741818670.487","25.07",
"1741818671.501","25.1",
"1741818672.489","25.09",
"1741818673.49","25.09",
"1741818674.491","25.1",
"1741818675.492","25.11",
"1741818676.493","25.1",
"1741818677.494","25.11",
"1741818678.497","25.1",
"1741818679.498","25.09",
"1741818680.497","25.1",
"1741818681.498","25.09",
"1741818682.499","25.1",
"1741818683.5","25.09",
"1741818684.501","25.1",
"1741818685.502","25.1",
"1741818686.503","25.1",
"1741818687.504","25.1",
"1741818688.505","25.14",
"1741818689.514","25.14",
"1741818690.507","25.1",
"1741818691.508","25.13",
"1741818692.509","25.11",
"1741818693.51","25.13",
"1741818694.511","25.11",
"1741818695.516","25.12",
"1741818696.518","25.11",
"1741818697.518","25.13",
"1741818698.519","25.12",
"1741818699.52","25.11",
"1741818700.521","25.11",
"1741818701.522","25.11",
"1741818702.523","25.11",
"1741818703.524","25.12",
"1741818704.525","25.13",
"1741818705.526","25.12",
"1741818706.527","25.12",
"1741818707.528","25.13",
"1741818708.529","25.11",
"1741818709.53","25.11",
"1741818710.531","25.13",
"1741818711.532","25.12",
"1741818712.533","25.13",
"1741818713.534","25.14",
"1741818714.535","25.13",
"1741818715.536","25.13",
"1741818716.537","25.14",
"1741818717.538","25.13",
"1741818718.539","25.15",
"1741818719.54","25.13",
"1741818720.541","25.13",
"1741818721.542","25.14",
"1741818722.543","25.11",
"1741818723.544","25.13",
"1741818724.57","25.13",
"1741818725.554","25.13",
"1741818726.547","25.11",
"1741818727.548","25.14",
"1741818728.549","25.12",
"1741818729.55","25.14",
"1741818730.551","25.14",
"1741818731.554","25.14",
"1741818732.553","25.12",
"1741818733.554","25.13",
"1741818734.555","25.14",
"1741818735.556","25.13",
"1741818736.557","25.14",
"1741818737.558","25.11",
"1741818738.559","25.15",
"1741818739.56","25.13",
"1741818740.561","25.15",
"1741818741.562","25.14",
"1741818742.563","25.14",
"1741818743.564","25.13",
"1741818744.565","25.15",
"1741818745.569","25.14",
"1741818746.567","25.14",
"1741818747.568","25.14",
"1741818748.593","25.15",
"1741818749.57","25.15",
"1741818750.572","25.14",
"1741818751.572","25.16",
"1741818752.573","25.14",
"1741818753.574","25.15",
"1741818754.576","25.15",
"1741818755.58","25.15",
"1741818756.581","25.14",
"1741818757.582","25.15",
"1741818758.584","25.13",
"1741818759.584","25.14",
"1741818760.585","25.14",
"1741818761.586","25.15",
"1741818762.587","25.14",
"1741818763.589","25.14",
"1741818764.589","25.14",
"1741818765.59","25.15",
"1741818766.591","25.13",
"1741818767.592","25.14",
"1741818768.593","25.16",
"1741818769.594","25.16",
"1741818770.595","25.15",
"1741818771.596","25.15",
"1741818772.597","25.15",
"1741818773.601","25.16",
"1741818774.599","25.13",
"1741818775.6","25.15",
"1741818776.601","25.16",
"1741818777.602","25.14",
"1741818778.603","25.16",
"1741818779.608","25.19",
"1741818780.605","25.16",
"1741818781.606","25.17",
"1741818782.607","25.16",
"1741818783.608","25.17",
"1741818784.609","25.17",
"1741818785.61","25.15",
"1741818786.612","25.18",
"1741818787.612","25.18",
"1741818788.613","25.17",
"1741818789.614","25.17",
"1741818790.616","25.15",
"1741818791.617","25.16",
"1741818792.617","25.17",
"1741818793.618","25.17",
"1741818794.619","25.18",
"1741818795.62","25.17",
"1741818796.621","25.19",
"1741818797.622","25.15",
"1741818798.624","25.18",
"1741818799.624","25.18",
"1741818800.625","25.17",
"1741818801.626","25.17",
"1741818802.627","25.19",
"1741818803.628","25.17",
"1741818804.629","25.18",
"1741818805.63","25.18",
"1741818806.631","25.17",
"1741818807.633","25.18",
"1741818808.633","25.18",
"1741818809.634","25.17",
"1741818810.636","25.19",
"1741818811.636","25.19",
"1741818812.637","25.17",
"1741818813.638","25.18",
"1741818814.64","25.18",
"1741818815.645","25.19",
"1741818816.645","25.18",
"1741818817.646","25.18",
"1741818818.648","25.18",
"1741818819.648","25.18",
"1741818820.649","25.18",
"1741818821.651","25.19",
"1741818822.652","25.19",
"1741818823.652","25.19",
"1741818824.654","25.18",
"1741818825.655","25.18",
"1741818826.656","25.19",
"1741818827.656","25.18",
"1741818828.658","25.21",
"1741818829.659","25.21",
"1741818830.66","25.2",
"1741818831.661","25.21",
"1741818832.662","25.22",
"1741818833.663","25.19",
"1741818834.664","25.21",
"1741818835.664","25.19",
"1741818836.665","25.19",
"1741818837.667","25.19",
"1741818838.667","25.2",
"1741818839.668","25.2",
"1741818840.669","25.2",
"1741818841.671","25.19",
"1741818842.672","25.2",
"1741818843.672","25.21",
"1741818844.682","25.21",
"1741818845.678","25.2",
"1741818846.676","25.19",
"1741818847.677","25.2",
"1741818848.678","25.18",
"1741818849.678","25.18",
"1741818850.68","25.19",
"1741818851.681","25.21",
"1741818852.682","25.19",
"1741818853.683","25.21",
"1741818854.687","25.21",
"1741818855.722","25.21",
"1741818856.686","25.2",
"1741818857.687","25.2",
"1741818858.688","25.21",
"1741818859.688","25.2",
"1741818860.69","25.21",
"1741818861.691","25.21",
"1741818862.692","25.23",
"1741818863.694","25.21",
"1741818864.694","25.2",
"1741818865.695","25.22",
"1741818866.696","25.18",
"1741818867.696","25.23",
"1741818868.699","25.22",
"1741818869.699","25.22",
"1741818870.7","25.2",
"1741818871.701","25.22",
"1741818872.703","25.22",
"1741818873.703","25.23",
"1741818874.704","25.21",
"1741818875.708","25.21",
"1741818876.717","25.21",
"1741818877.711","25.22",
"1741818878.712","25.2",
"1741818879.712","25.24",
"1741818880.714","25.2",
"1741818881.715","25.22",
"1741818882.716","25.23",
"1741818883.717","25.22",
"1741818884.718","25.22",
"1741818885.718","25.23",
"1741818886.719","25.21",
"1741818887.721","25.23",
"1741818888.728","25.23",
"1741818889.722","25.23",
"1741818890.73","25.23",
"1741818891.725","25.24",
"1741818892.726","25.21",
"1741818893.727","25.23",
"1741818894.728","25.24",
"1741818895.728","25.23",
"1741818896.73","25.25",
"1741818897.731","25.25",
"1741818898.732","25.24",
"1741818899.732","25.23",
"1741818900.733","25.23",
"1741818901.735","25.25",
"1741818902.736","25.23",
"1741818903.737","25.23",
"1741818904.738","25.24",
"1741818905.739","25.25",
"1741818906.74","25.24",
"1741818907.741","25.25",
"1741818908.742","25.23",
"1741818909.743","25.22",
"1741818910.744","25.22",
"1741818911.746","25.24",
"1741818912.746","25.24",
"1741818913.747","25.25",
"1741818914.748","25.21",
"1741818915.749","25.24",
"1741818916.75","25.23",
"1741818917.751","25.25",
"1741818918.752","25.26",
"1741818919.753","25.25",
"1741818920.754","25.24",
"1741818921.755","25.26",
"1741818922.756","25.24",
"1741818923.758","25.24",
"1741818924.758","25.22",
"1741818925.759","25.25",
"1741818926.76","25.22",
"1741818927.761","25.25",
"1741818928.762","25.24",
"1741818929.763","25.25",
"1741818930.764","25.25",
"1741818931.765","25.24",
"1741818932.766","25.26",
"1741818933.767","25.24",
"1741818934.768","25.25",
"1741818935.772","25.25",
"1741818936.773","25.27",
"1741818937.778","25.27",
"1741818938.775","25.26",
"1741818939.776","25.24",
"1741818940.777","25.23",
"1741818941.786","25.26",
"1741818942.779","25.25",
"1741818943.78","25.26",
"1741818944.781","25.27",
"1741818945.782","25.28",
"1741818946.783","25.24",
"1741818947.784","25.27",
"1741818948.785","25.25",
"1741818949.787","25.25",
"1741818950.787","25.26",
"1741818951.788","25.27",
"1741818952.789","25.27",
"1741818953.795","25.27",
"1741818954.792","25.27",
"1741818955.792","25.25",
"1741818956.793","25.25",
"1741818957.795","25.26",
"1741818958.795","25.26",
"1741818959.796","25.25",
"1741818960.797","25.27",
"1741818961.798","25.25",
"1741818962.8","25.26",
"1741818963.8","25.26",
"1741818964.801","25.25",
"1741818965.802","25.28",
"1741818966.803","25.26",
"1741818967.805","25.29",
"1741818968.805","25.28",
"1741818969.807","25.26",
"1741818970.816","25.27",
"1741818971.808","25.27",
"1741818972.81","25.26",
"1741818973.811","25.28",
"1741818974.812","25.25",
"1741818975.813","25.26",
"1741818976.814","25.27",
"1741818977.814","25.28",
"1741818978.815","25.27",
"1741818979.816","25.27",
"1741818980.818","25.28",
"1741818981.819","25.29",
"1741818982.819","25.27",
"1741818983.821","25.28",
"1741818984.822","25.28",
"1741818985.823","25.3",
"1741818986.825","25.28",
"1741818987.825","25.29",
"1741818988.826","25.28",
"1741818989.827","25.26",
"1741818990.828","25.28",
"1741818991.829","25.29",
"1741818992.83","25.29",
"1741818993.831","25.3",
"1741818994.832","25.29",
"1741818995.837","25.28",
"1741818996.838","25.28",
"1741818997.839","25.28",
"1741818998.84","25.27",
"1741818999.841","25.3",
"1741819000.842","25.3",
"1741819001.843","25.29",
"1741819002.845","25.28",
"1741819003.845","25.32",
"1741819004.846","25.28",
"1741819005.847","25.27",
"1741819006.848","25.3",
"1741819007.849","25.29",
"1741819008.85","25.31",
"1741819009.851","25.3",
"1741819010.852","25.28",
"1741819011.853","25.29",
"1741819012.854","25.28",
"1741819013.855","25.31",
"1741819014.856","25.29",
"1741819015.857","25.29",
"1741819016.858","25.29",
"1741819017.859","25.32",
"1741819018.861","25.29",
"1741819019.861","25.29",
"1741819020.865","25.28",
"1741819021.863","25.32",
"1741819022.864","25.3",
"1741819023.865","25.3",
"1741819024.866","25.3",
"1741819025.867","25.31",
"1741819026.868","25.3",
"1741819027.869","25.29",
"1741819028.87","25.31",
"1741819029.871","25.31",
"1741819030.872","25.32",
"1741819031.873","25.3",
"1741819032.874","25.3",
"1741819033.875","25.3",
"1741819034.877","25.29",
"1741819035.877","25.3",
"1741819036.878","25.33",
"1741819037.879","25.3",
"1741819038.882","25.29",
"1741819039.881","25.28",
"1741819040.882","25.32",
"1741819041.883","25.29",
"1741819042.884","25.31",
"1741819043.885","25.32",
"1741819044.886","25.31",
"1741819045.887","25.31",
"1741819046.888","25.32",
"1741819047.889","25.32",
"1741819048.89","25.32",
"1741819049.891","25.33",
"1741819050.892","25.3",
"1741819051.894","25.33",
"1741819052.894","25.31",
"1741819053.895","25.3",
"1741819054.902","25.3",
"1741819055.901","25.32",
"1741819056.902","25.32",
"1741819057.903","25.33",
"1741819058.904","25.33",
"1741819059.905","25.33",
"1741819060.906","25.33",
"1741819061.907","25.31",
"1741819062.908","25.33",
"1741819063.909","25.34",
"1741819064.91","25.31",
"1741819065.911","25.33",
"1741819066.912","25.32",
"1741819067.913","25.32",
"1741819068.916","25.31",
"1741819069.917","25.32",
"1741819070.916","25.33",
"1741819071.917","25.33",
"1741819072.918","25.33",
"1741819073.927","25.34",
"1741819074.92","25.34",
"1741819075.921","25.33",
"1741819076.922","25.34",
"1741819077.923","25.33",
"1741819078.926","25.32",
"1741819079.927","25.32",
"1741819080.926","25.33",
"1741819081.927","25.34",
"1741819082.928","25.33",
"1741819083.929","25.33",
"1741819084.943","25.34",
"1741819085.931","25.34",
"1741819086.932","25.32",
"1741819087.933","25.32",
"1741819088.934","25.36",
"1741819089.935","25.34",
"1741819090.936","25.34",
"1741819091.937","25.33",
"1741819092.938","25.35",
"1741819093.939","25.34",
"1741819094.94","25.34",
"1741819095.941","25.35",
"1741819096.947","25.36",
"1741819097.943","25.35",
"1741819098.944","25.34",
"1741819099.945","25.34",
"1741819100.947","25.36",
"1741819101.947","25.33",
"1741819102.948","25.34",
"1741819103.949","25.36",
"1741819104.95","25.34",
"1741819105.951","25.36",
"1741819106.952","25.34",
"1741819107.953","25.33",
"1741819108.961","25.35",
"1741819109.955","25.34",
"1741819110.956","25.35",
"1741819111.957","25.36",
"1741819112.958","25.35",
"1741819113.959","25.36",
"1741819114.96","25.34",
"1741819115.964","25.35",
"1741819116.966","25.36",
"1741819117.966","25.34",
"1741819118.967","25.34",
"1741819119.969","25.36",
"1741819120.97","25.34",
"1741819121.971","25.36",
"1741819122.972","25.36",
"1741819123.973","25.35",
"1741819124.974","25.36",
"1741819125.975","25.36",
"1741819126.976","25.33",
"1741819127.979","25.33",
"1741819128.977","25.34",
"1741819129.979","25.36",
"1741819130.98","25.34",
"1741819131.981","25.33",
"1741819132.982","25.35",
"1741819133.988","25.36",
"1741819134.984","25.36",
"1741819135.985","25.35",
"1741819136.986","25.36",
"1741819137.987","25.36",
"1741819138.988","25.36",
"1741819139.992","25.36",
"1741819140.99","25.35",
"1741819141.991","25.38",
"1741819142.992","25.35",
"1741819143.993","25.35",
"1741819144.996","25.37",
"1741819145.995","25.38",
"1741819146.996","25.36",
"1741819147.997","25.37",
"1741819148.998","25.36",
"1741819150","25.38",
"1741819151.003","25.36",
"1741819152.001","25.36",
"1741819153.002","25.35",
"1741819154.003","25.34",
"1741819155.004","25.37",
"1741819156.005","25.36",
"1741819157.006","25.36",
"1741819158.007","25.36",
"1741819159.008","25.39",
"1741819160.009","25.36",
"1741819161.01","25.4",
"1741819162.011","25.38",
"1741819163.012","25.37",
"1741819164.013","25.38",
"1741819165.014","25.38",
"1741819166.015","25.38",
"1741819167.017","25.36",
"1741819168.017","25.38",
"1741819169.018","25.39",
"1741819170.019","25.38",
"1741819171.02","25.36",
"1741819172.021","25.36",
"1741819173.022","25.38",
"1741819174.023","25.38",
"1741819175.024","25.36",
"1741819176.029","25.4",
"1741819177.032","25.36",
"1741819178.031","25.36",
"1741819179.032","25.38",
"1741819180.033","25.36",
"1741819181.034","25.38",
"1741819182.035","25.38",
"1741819183.037","25.38",
"1741819184.037","25.4",
"1741819185.038","25.38",
"1741819186.039","25.39",
"1741819187.04","25.36",
"1741819188.044","25.39",
"1741819189.042","25.39",
"1741819190.043","25.39",
"1741819191.044","25.37",
"1741819192.045","25.38",
"1741819193.057","25.41",
"1741819194.047","25.38",
"1741819195.049","25.38",
"1741819196.049","25.39",
"1741819197.05","25.38",
"1741819198.052","25.38",
"1741819199.065","25.39",
"1741819200.053","25.38",
"1741819201.054","25.39",
"1741819202.055","25.41",
"1741819203.056","25.4",
"1741819204.057","25.39",
"1741819205.058","25.4",
"1741819206.059","25.39",
"1741819207.075","25.39",
"1741819208.061","25.39",
"1741819209.062","25.39",
"1741819210.063","25.38",
"1741819211.064","25.37",
"1741819212.065","25.38",
"1741819213.066","25.38",
"1741819214.067","25.4",
"1741819215.07","25.4",
"1741819216.07","25.4",
"1741819217.07","25.41",
"1741819218.074","25.4",
"1741819219.073","25.4",
"1741819220.073","25.4",
"1741819221.075","25.4",
"1741819222.075","25.4",
"1741819223.114","25.4",
"1741819224.077","25.39",
"1741819225.078","25.39",
"1741819226.079","25.39",
"1741819227.08","25.4",
"1741819228.081","25.4",
"1741819229.082","25.4",
"1741819230.094","25.4",
"1741819231.084","25.41",
"1741819232.085","25.39",
"1741819233.087","25.4",
"1741819234.113","25.41",
"1741819235.097","25.41",
"1741819236.093","25.42",
"1741819237.094","25.4",
"1741819238.095","25.43",
"1741819239.096","25.4",
"1741819240.097","25.4",
"1741819241.098","25.39",
"1741819242.101","25.42",
"1741819243.1","25.42",
"1741819244.101","25.42",
"1741819245.102","25.39",
"1741819246.103","25.41",
"1741819247.115","25.4",
"1741819248.105","25.42",
"1741819249.106","25.43",
"1741819250.107","25.41",
"1741819251.108","25.42",
"1741819252.109","25.4",
"1741819253.11","25.43",
"1741819254.111","25.43",
"1741819255.112","25.44",
"1741819256.113","25.42",
"1741819257.114","25.42",
"1741819258.146","25.42",
"1741819259.116","25.44",
"1741819260.117","25.44",
"1741819261.118","25.44",
"1741819262.119","25.42",
"1741819263.12","25.43",
"1741819264.122","25.41",
"1741819265.122","25.43",
"1741819266.127","25.42",
"1741819267.127","25.43",
"1741819268.125","25.44",
"1741819269.126","25.42",
"1741819270.139","25.42",
"1741819271.128","25.43",
"1741819272.129","25.42",
"1741819273.13","25.44",
"1741819274.131","25.44",
"1741819275.132","25.42",
"1741819276.133","25.43",
"1741819277.144","25.43",
"1741819278.169","25.42",
"1741819279.136","25.42",
"1741819280.137","25.4",
"1741819281.139","25.43",
"1741819282.139","25.43",
"1741819283.14","25.42",
"1741819284.141","25.44",
"1741819285.142","25.44",
"1741819286.143","25.42",
"1741819287.144","25.44",
"1741819288.145","25.42",
"1741819289.146","25.44",
"1741819290.147","25.44",
"1741819291.148","25.44",
"1741819292.149","25.44",
"1741819293.15","25.43",
"1741819294.151","25.45",
"1741819295.167","25.44",
"1741819296.169","25.44",
"1741819297.158","25.44",
"1741819298.159","25.43",
"1741819299.16","25.45",
"1741819300.161","25.43",
"1741819301.162","25.41",
"1741819302.163","25.42",
"1741819303.164","25.45",
"1741819304.165","25.43",
"1741819305.166","25.45",
"1741819306.167","25.45",
"1741819307.168","25.43",
"1741819308.169","25.43",
"1741819309.172","25.45",
"1741819310.171","25.44",
"1741819311.172","25.44",
"1741819312.172","25.46",
"1741819313.174","25.44",
"1741819314.175","25.45",
"1741819315.176","25.46",
"1741819316.177","25.45",
"1741819317.178","25.45",
"1741819318.179","25.44",
"1741819319.18","25.45",
"1741819320.181","25.43",
"1741819321.182","25.44",
"1741819322.183","25.45",
"1741819323.184","25.45",
"1741819324.185","25.45",
"1741819325.186","25.47",
"1741819326.187","25.46",
"1741819327.188","25.45",
"1741819328.189","25.46",
"1741819329.19","25.45",
"1741819330.191","25.46",
"1741819331.202","25.45",
"1741819332.201","25.45",
"1741819333.194","25.46",
"1741819334.195","25.47",
"1741819335.197","25.46",
"1741819336.197","25.46",
"1741819337.206","25.44",
"1741819338.211","25.45",
"1741819339.201","25.45",
"1741819340.201","25.46",
"1741819341.202","25.46",
"1741819342.203","25.47",
"1741819343.204","25.45",
"1741819344.205","25.44",
"1741819345.206","25.46",
"1741819346.208","25.46",
"1741819347.208","25.46",
"1741819348.209","25.46",
"1741819349.218","25.48",
"1741819350.211","25.46",
"1741819351.212","25.44",
"1741819352.213","25.48",
"1741819353.214","25.46",
"1741819354.215","25.46",
"1741819355.217","25.44",
"1741819356.221","25.45",
"1741819357.222","25.45",
"1741819358.223","25.46",
"1741819359.224","25.47",
"1741819360.225","25.45",
"1741819361.226","25.48",
"1741819362.227","25.46",
"1741819363.228","25.46",
"1741819364.229","25.48",
"1741819365.23","25.47",
"1741819366.231","25.46",
"1741819367.232","25.48",
"1741819368.234","25.47",
"1741819369.234","25.47",
"1741819370.235","25.47",
"1741819371.236","25.47",
"1741819372.237","25.48",
"1741819373.251","25.46",
"1741819374.239","25.5",
"1741819375.24","25.48",
"1741819376.241","25.46",
"1741819377.242","25.48",
"1741819378.243","25.48",
"1741819379.246","25.48",
"1741819380.245","25.48",
"1741819381.246","25.48",
"1741819382.247","25.48",
"1741819383.248","25.46",
"1741819384.249","25.48",
"1741819385.25","25.48",
"1741819386.256","25.48",
"1741819387.252","25.48",
"1741819388.253","25.5",
"1741819389.255","25.47",
"1741819390.255","25.48",
"1741819391.256","25.46",
"1741819392.257","25.47",
"1741819393.258","25.48",
"1741819394.262","25.5",
"1741819395.262","25.49",
"1741819396.262","25.46",
"1741819397.277","25.47",
"1741819398.267","25.49",
"1741819399.264","25.5",
"1741819400.265","25.49",
"1741819401.266","25.5",
"1741819402.268","25.49",
"1741819403.268","25.49",
"1741819404.269","25.46",
"1741819405.27","25.49",
"1741819406.271","25.47",
"1741819407.272","25.47",
"1741819408.274","25.49",
"1741819409.274","25.49",
"1741819410.275","25.47",
"1741819411.277","25.48",
"1741819412.279","25.5",
"1741819413.278","25.47",
"1741819414.279","25.48",
"1741819415.281","25.48",
"1741819416.289","25.48",
"1741819417.286","25.48",
"1741819418.287","25.52",
"1741819419.288","25.52",
"1741819420.289","25.5",
"1741819421.29","25.49",
"1741819422.291","25.49",
"1741819423.292","25.49",
"1741819424.293","25.51",
"1741819425.294","25.49",
"1741819426.295","25.49",
"1741819427.296","25.48",
"1741819428.297","25.49",
"1741819429.298","25.5",
"1741819430.299","25.5",
"1741819431.3","25.52",
"1741819432.304","25.49",
"1741819433.303","25.5",
"1741819434.303","25.51",
"1741819435.304","25.5",
"1741819436.305","25.51",
"1741819437.306","25.5",
"1741819438.307","25.51",
"1741819439.308","25.52",
"1741819440.309","25.51",
"1741819441.311","25.49",
"1741819442.311","25.51",
"1741819443.312","25.51",
"1741819444.313","25.51",
"1741819445.314","25.52",
"1741819446.315","25.51",
"1741819447.316","25.52",
"1741819448.317","25.53",
"1741819449.318","25.52",
"1741819450.319","25.52",
"1741819451.32","25.51",
"1741819452.321","25.5",
"1741819453.322","25.52",
"1741819454.323","25.52",
"1741819455.324","25.53",
"1741819456.325","25.52",
"1741819457.335","25.53",
"1741819458.327","25.51",
"1741819459.328","25.52",
"1741819460.348","25.51",
"1741819461.33","25.52",
"1741819462.352","25.49",
"1741819463.343","25.5",
"1741819464.335","25.51",
"1741819465.334","25.51",
"1741819466.335","25.53",
"1741819467.337","25.51",
"1741819468.337","25.52",
"1741819469.338","25.51",
"1741819470.339","25.55",
"1741819471.344","25.51",
"1741819472.341","25.49",
"1741819473.342","25.53",
"1741819474.343","25.52",
"1741819475.344","25.52",
"1741819476.348","25.51",
"1741819477.35","25.52",
"1741819478.35","25.52",
"1741819479.351","25.53",
"1741819480.352","25.52",
"1741819481.353","25.51",
"1741819482.354","25.51",
"1741819483.355","25.52",
"1741819484.356","25.53",
"1741819485.357","25.55",
"1741819486.358","25.51",
"1741819487.364","25.53",
"1741819488.36","25.52",
"1741819489.361","25.52",
"1741819490.362","25.53",
"1741819491.363","25.54",
"1741819492.364","25.54",
"1741819493.365","25.52",
"1741819494.366","25.52",
"1741819495.373","25.53",
"1741819496.368","25.53",
"1741819497.373","25.53",
"1741819498.37","25.53",
"1741819499.371","25.54",
"1741819500.379","25.55",
"1741819501.373","25.51",
"1741819502.387","25.53",
"1741819503.375","25.51",
"1741819504.376","25.53",
"1741819505.382","25.56",
"1741819506.393","25.52",
"1741819507.379","25.52",
"1741819508.38","25.53",
"1741819509.384","25.52",
"1741819510.383","25.52",
"1741819511.398","25.53",
"1741819512.391","25.54",
"1741819513.386","25.53",
"1741819514.386","25.56",
"1741819515.387","25.52",
"1741819516.398","25.56",
"1741819517.389","25.53",
"1741819518.391","25.53",
"1741819519.391","25.53",
"1741819520.392","25.53",
"1741819521.393","25.53",
"1741819522.394","25.52",
"1741819523.395","25.56",
"1741819524.396","25.53",
"1741819525.397","25.54",
"1741819526.403","25.54",
"1741819527.4","25.54",
"1741819528.401","25.55",
"1741819529.401","25.56",
"1741819530.402","25.56",
"1741819531.403","25.54",
"1741819532.411","25.54",
"1741819533.406","25.53",
"1741819534.406","25.55",
"1741819535.407","25.56",
"1741819536.413","25.56",
"1741819537.413","25.55",
"1741819538.414","25.54",
"1741819539.415","25.55",
"1741819540.416","25.55",
"1741819541.417","25.57",
"1741819542.428","25.56",
"1741819543.419","25.53",
"1741819544.42","25.54",
"1741819545.42","25.55",
"1741819546.421","25.55",
"1741819547.423","25.56",
"1741819548.426","25.56",
"1741819549.425","25.56",
"1741819550.426","25.56",
"1741819551.427","25.56",
"1741819552.429","25.55",
"1741819553.428","25.55",
"1741819554.43","25.56",
"1741819555.431","25.54",
"1741819556.432","25.56",
"1741819557.44","25.55",
"1741819558.434","25.56",
"1741819559.435","25.55",
"1741819560.436","25.58",
"1741819561.442","25.54",
"1741819562.438","25.56",
"1741819563.439","25.58",
"1741819564.44","25.57",
"1741819565.441","25.56",
"1741819566.442","25.54",
"1741819567.443","25.54",
"1741819568.444","25.55",
"1741819569.446","25.56",
"1741819570.446","25.58",
"1741819571.447","25.54",
"1741819572.448","25.56",
"1741819573.449","25.55",
"1741819574.45","25.57",
"1741819575.451","25.55",
"1741819576.452","25.57",
"1741819577.453","25.56",
"1741819578.456","25.56",
"1741819579.455","25.56",
"1741819580.456","25.57",
"1741819581.457","25.58",
"1741819582.458","25.57",
"1741819583.459","25.57",
"1741819584.46","25.56",
"1741819585.486","25.56",
"1741819586.462","25.56",
"1741819587.463","25.57",
"1741819588.464","25.58",
"1741819589.465","25.57",
"1741819590.467","25.57",
"1741819591.467","25.58",
"1741819592.468","25.58",
"1741819593.469","25.57",
"1741819594.47","25.6",
"1741819595.471","25.59",
"1741819596.474","25.59",
"1741819597.475","25.57",
"1741819598.476","25.58",
"1741819599.477","25.58",
"1741819600.478","25.58",
"1741819601.479","25.6",
"1741819602.48","25.58",
"1741819603.481","25.58",
"1741819604.483","25.57",
"1741819605.483","25.61",
"1741819606.485","25.59",
"1741819607.486","25.57",
"1741819608.486","25.59",
"1741819609.487","25.57",
"1741819610.488","25.57",
"1741819611.489","25.57",
"1741819612.49","25.59",
"1741819613.491","25.57",
"1741819614.492","25.6",
"1741819615.493","25.59",
"1741819616.495","25.6",
"1741819617.496","25.6",
"1741819618.496","25.59",
"1741819619.498","25.57",
"1741819620.498","25.58",
"1741819621.5","25.57",
"1741819622.506","25.58",
"1741819623.502","25.58",
"1741819624.503","25.56",
"1741819625.506","25.58",
"1741819626.504","25.59",
"1741819627.534","25.57",
"1741819628.562","25.6",
"1741819629.832","25.6",
"1741819630.549","25.56",
"1741819631.509","25.59",
"1741819632.511","25.58",
"1741819633.511","25.59",
"1741819634.512","25.6",
"1741819635.513","25.59",
"1741819636.514","25.58",
"1741819637.515","25.6",
"1741819638.517","25.58",
"1741819639.518","25.59",
"1741819640.52","25.59",
